year,match_id,stadium_name,city,country,latitude,longitude,elevation_m,team,opponent,team_elo,opp_elo,elo_diff,adapted_flag,rest_days,travel_km,temp_c,humidity,goals_for_1h,goals_for_2h,goals_against_1h,goals_against_2h,team_xg_1h,team_xg_2h
2022,2022_0,Lusail Iconic Stadium,NA,NA,NA,NA,NA,Argentina,France,NA,NA,NA,FALSE,5,NA,NA,NA,1,1,0,1,6.275962934,14.712479982
2022,2022_0,Lusail Iconic Stadium,NA,NA,NA,NA,NA,France,Argentina,NA,NA,NA,FALSE,4,NA,NA,NA,0,1,1,1,4.883144214,10.072713969
2022,2022_1,Khalifa International Stadium,Doha,Qatar,25.3108807,51.5081812,19,Croatia,Morocco,NA,NA,NA,FALSE,4,NA,25,60,2,0,1,0,2.843158396,10.3265440029
2022,2022_1,Khalifa International Stadium,Doha,Qatar,25.3108807,51.5081812,19,Morocco,Croatia,NA,NA,NA,FALSE,3,52.80999820276664,25,60,1,0,2,0,2.221128018,6.457241924
2022,2022_2,Al Bayt Stadium,Al Khor,Qatar,25.7567822,51.3269839,28,France,Morocco,NA,NA,NA,FALSE,4,0,25,60,1,1,0,0,4.883144214,10.072713969
2022,2022_2,Al Bayt Stadium,Al Khor,Qatar,25.7567822,51.3269839,28,Morocco,France,NA,NA,NA,FALSE,4,52.80999820276664,25,60,0,0,1,1,2.221128018,6.457241924
2022,2022_3,Lusail Iconic Stadium,NA,NA,NA,NA,NA,Argentina,Croatia,NA,NA,NA,FALSE,4,NA,NA,NA,1,1,0,0,6.275962934,14.712479982
2022,2022_3,Lusail Iconic Stadium,NA,NA,NA,NA,NA,Croatia,Argentina,NA,NA,NA,FALSE,4,NA,NA,NA,0,0,1,1,2.843158396,10.3265440029
2022,2022_4,Al Thumama Stadium,Doha,Qatar,25.3108807,51.5081812,19,Morocco,Portugal,NA,NA,NA,FALSE,4,43.43267385096884,25,60,1,0,0,0,2.221128018,6.457241924
2022,2022_4,Al Thumama Stadium,Doha,Qatar,25.3108807,51.5081812,19,Portugal,Morocco,NA,NA,NA,FALSE,4,NA,25,60,0,0,1,0,2.8245293997,4.4881810286
2022,2022_5,Al Bayt Stadium,Al Khor,Qatar,25.7567822,51.3269839,28,England,France,2050,NA,NA,FALSE,6,0,25,60,0,0,1,1,2.342743325,6.393112874
2022,2022_5,Al Bayt Stadium,Al Khor,Qatar,25.7567822,51.3269839,28,France,England,NA,2050,NA,FALSE,6,52.80999820276664,25,60,1,1,0,0,4.883144214,10.072713969
2022,2022_6,Education City Stadium,Al Rayyan,Qatar,25.0819602,51.158416,47,Croatia,Brazil,NA,NA,NA,FALSE,4,26.827473283833054,25,60,0,1,0,1,2.843158396,10.3265440029
2022,2022_6,Education City Stadium,Al Rayyan,Qatar,25.0819602,51.158416,47,Brazil,Croatia,NA,NA,NA,FALSE,4,NA,25,60,0,1,0,1,4.0432355797,9.5933574015
2022,2022_7,Lusail Iconic Stadium,NA,NA,NA,NA,NA,Netherlands,Argentina,NA,NA,NA,FALSE,6,NA,NA,NA,0,2,1,0,1.612287024,7.299000016000001
2022,2022_7,Lusail Iconic Stadium,NA,NA,NA,NA,NA,Argentina,Netherlands,NA,NA,NA,FALSE,6,NA,NA,NA,1,0,0,2,6.275962934,14.712479982
2022,2022_8,Education City Stadium,Al Rayyan,Qatar,25.0819602,51.158416,47,Morocco,Spain,NA,NA,NA,FALSE,5,43.43267385096884,25,60,0,0,0,0,2.221128018,6.457241924
2022,2022_8,Education City Stadium,Al Rayyan,Qatar,25.0819602,51.158416,47,Spain,Morocco,NA,NA,NA,FALSE,5,43.43267385096884,25,60,0,0,0,0,2.5676409810000003,4.5369862764
2022,2022_9,Lusail Iconic Stadium,NA,NA,NA,NA,NA,Portugal,Switzerland,NA,NA,NA,FALSE,4,NA,NA,NA,2,4,0,1,2.8245293997,4.4881810286
2022,2022_9,Lusail Iconic Stadium,NA,NA,NA,NA,NA,Switzerland,Portugal,NA,NA,NA,FALSE,4,NA,NA,NA,0,1,2,4,2.672125062,3.418391293
2022,2022_10,Al Janoub Stadium,Al Wakrah,Qatar,25.0037453,51.4103338,14,Japan,Croatia,NA,NA,NA,FALSE,4,35.54344686853213,25,60,1,0,0,1,0.972714699,6.410855815
2022,2022_10,Al Janoub Stadium,Al Wakrah,Qatar,25.0037453,51.4103338,14,Croatia,Japan,NA,NA,NA,FALSE,4,NA,25,60,0,1,1,0,2.843158396,10.3265440029
2022,2022_11,Stadium 974,NA,NA,NA,NA,NA,Brazil,Korea Republic,NA,NA,NA,FALSE,3,NA,NA,NA,3,0,0,1,4.0432355797,9.5933574015
2022,2022_11,Stadium 974,NA,NA,NA,NA,NA,Korea Republic,Brazil,NA,NA,NA,NA,3,NA,NA,NA,0,1,3,0,NA,NA
2022,2022_12,Al Thumama Stadium,Doha,Qatar,25.3108807,51.5081812,19,France,Poland,NA,NA,NA,FALSE,4,43.43267385096884,25,60,1,2,0,0,4.883144214,10.072713969
2022,2022_12,Al Thumama Stadium,Doha,Qatar,25.3108807,51.5081812,19,Poland,France,NA,NA,NA,FALSE,4,NA,25,60,0,0,1,2,1.107264075,3.555957007
2022,2022_13,Al Bayt Stadium,Al Khor,Qatar,25.7567822,51.3269839,28,England,Senegal,2050,NA,NA,FALSE,5,NA,25,60,2,1,0,0,2.342743325,6.393112874
2022,2022_13,Al Bayt Stadium,Al Khor,Qatar,25.7567822,51.3269839,28,Senegal,England,NA,2050,NA,FALSE,5,52.80999820276664,25,60,0,0,2,1,2.8067435545,1.467984917
2022,2022_14,Khalifa International Stadium,Doha,Qatar,25.3108807,51.5081812,19,Netherlands,United States,NA,NA,NA,FALSE,4,52.80999820276664,25,60,2,1,0,1,1.612287024,7.299000016000001
2022,2022_14,Khalifa International Stadium,Doha,Qatar,25.3108807,51.5081812,19,United States,Netherlands,NA,NA,NA,NA,4,0,25,60,0,1,2,1,2.2389452326,1.699592709
2022,2022_15,Ahmed bin Ali Stadium,NA,NA,NA,NA,NA,Argentina,Australia,NA,NA,NA,FALSE,3,NA,NA,NA,1,1,0,0,6.275962934,14.712479982
2022,2022_15,Ahmed bin Ali Stadium,NA,NA,NA,NA,NA,Australia,Argentina,NA,NA,NA,FALSE,3,NA,NA,NA,0,0,1,1,0.6613009567,0.916870549
2022,2022_16,Education City Stadium,Al Rayyan,Qatar,25.0819602,51.158416,47,Korea Republic,Portugal,NA,NA,NA,NA,4,0,25,60,1,1,1,0,NA,NA
2022,2022_16,Education City Stadium,Al Rayyan,Qatar,25.0819602,51.158416,47,Portugal,Korea Republic,NA,NA,NA,FALSE,4,NA,25,60,1,0,1,1,2.8245293997,4.4881810286
2022,2022_17,Al Janoub Stadium,Al Wakrah,Qatar,25.0037453,51.4103338,14,Ghana,Uruguay,NA,NA,NA,FALSE,4,26.827473283833054,25,60,0,0,2,0,1.586131237,1.7671220417
2022,2022_17,Al Janoub Stadium,Al Wakrah,Qatar,25.0037453,51.4103338,14,Uruguay,Ghana,NA,NA,NA,FALSE,4,NA,25,60,2,0,0,0,2.173543028,1.0969908286
2022,2022_18,Lusail Iconic Stadium,NA,NA,NA,NA,NA,Cameroon,Brazil,NA,NA,NA,FALSE,4,NA,NA,NA,0,1,0,0,1.5205349259999998,1.5462085242
2022,2022_18,Lusail Iconic Stadium,NA,NA,NA,NA,NA,Brazil,Cameroon,NA,NA,NA,FALSE,4,NA,NA,NA,0,0,0,1,4.0432355797,9.5933574015
2022,2022_19,Stadium 974,NA,NA,NA,NA,NA,Serbia,Switzerland,NA,NA,NA,FALSE,4,NA,NA,NA,2,0,2,1,1.200804184,1.889593778
2022,2022_19,Stadium 974,NA,NA,NA,NA,NA,Switzerland,Serbia,NA,NA,NA,FALSE,4,NA,NA,NA,2,1,2,0,2.672125062,3.418391293
2022,2022_20,Al Thumama Stadium,Doha,Qatar,25.3108807,51.5081812,19,Canada,Morocco,NA,NA,NA,FALSE,4,0,25,60,0,0,2,0,2.067806789,1.86081874
2022,2022_20,Al Thumama Stadium,Doha,Qatar,25.3108807,51.5081812,19,Morocco,Canada,NA,NA,NA,FALSE,4,0,25,60,2,0,0,0,2.221128018,6.457241924
2022,2022_21,Ahmed bin Ali Stadium,NA,NA,NA,NA,NA,Croatia,Belgium,NA,NA,NA,FALSE,4,NA,NA,NA,0,0,0,0,2.843158396,10.3265440029
2022,2022_21,Ahmed bin Ali Stadium,NA,NA,NA,NA,NA,Belgium,Croatia,NA,NA,NA,FALSE,4,NA,NA,NA,0,0,0,0,1.264217617,2.4302754108
2022,2022_22,Al Bayt Stadium,Al Khor,Qatar,25.7567822,51.3269839,28,Costa Rica,Germany,NA,NA,NA,NA,4,NA,25,60,0,1,1,3,0.220108489,1.014003962
2022,2022_22,Al Bayt Stadium,Al Khor,Qatar,25.7567822,51.3269839,28,Germany,Costa Rica,NA,NA,NA,FALSE,4,0,25,60,1,3,0,1,2.4954951667,5.735582765
2022,2022_23,Khalifa International Stadium,Doha,Qatar,25.3108807,51.5081812,19,Japan,Spain,NA,NA,NA,FALSE,4,NA,25,60,0,2,1,0,0.972714699,6.410855815
2022,2022_23,Khalifa International Stadium,Doha,Qatar,25.3108807,51.5081812,19,Spain,Japan,NA,NA,NA,FALSE,4,52.80999820276664,25,60,1,0,0,2,2.5676409810000003,4.5369862764
2022,2022_24,Al Janoub Stadium,Al Wakrah,Qatar,25.0037453,51.4103338,14,Australia,Denmark,NA,NA,NA,FALSE,4,0,25,60,0,1,0,0,0.6613009567,0.916870549
2022,2022_24,Al Janoub Stadium,Al Wakrah,Qatar,25.0037453,51.4103338,14,Denmark,Australia,NA,NA,NA,FALSE,4,NA,25,60,0,0,0,1,0.561165611,2.631091621
2022,2022_25,Education City Stadium,Al Rayyan,Qatar,25.0819602,51.158416,47,Tunisia,France,NA,NA,NA,FALSE,4,26.827473283833054,25,60,0,1,0,0,1.337193666,1.073258783
2022,2022_25,Education City Stadium,Al Rayyan,Qatar,25.0819602,51.158416,47,France,Tunisia,NA,NA,NA,FALSE,4,NA,25,60,0,0,0,1,4.883144214,10.072713969
2022,2022_26,Lusail Iconic Stadium,NA,NA,NA,NA,NA,Saudi Arabia,Mexico,NA,NA,NA,NA,4,NA,NA,NA,0,1,0,2,1.379370686,1.822178582
2022,2022_26,Lusail Iconic Stadium,NA,NA,NA,NA,NA,Mexico,Saudi Arabia,NA,NA,NA,FALSE,4,NA,NA,NA,0,2,0,1,1.4454907589,1.6121591520999998
2022,2022_27,Stadium 974,NA,NA,NA,NA,NA,Poland,Argentina,NA,NA,NA,FALSE,4,NA,NA,NA,0,0,0,2,1.107264075,3.555957007
2022,2022_27,Stadium 974,NA,NA,NA,NA,NA,Argentina,Poland,NA,NA,NA,FALSE,4,NA,NA,NA,0,2,0,0,6.275962934,14.712479982
2022,2022_28,Khalifa International Stadium,Doha,Qatar,25.3108807,51.5081812,19,Ecuador,Senegal,NA,NA,NA,FALSE,4,0,25,60,0,1,0,1,1.172035751,2.6346926394
2022,2022_28,Khalifa International Stadium,Doha,Qatar,25.3108807,51.5081812,19,Senegal,Ecuador,NA,NA,NA,FALSE,4,0,25,60,0,1,0,1,2.8067435545,1.467984917
2022,2022_29,Al Bayt Stadium,Al Khor,Qatar,25.7567822,51.3269839,28,Netherlands,Qatar,NA,NA,NA,FALSE,4,52.80999820276664,25,60,1,1,0,0,1.612287024,7.299000016000001
2022,2022_29,Al Bayt Stadium,Al Khor,Qatar,25.7567822,51.3269839,28,Qatar,Netherlands,NA,NA,NA,FALSE,4,52.80999820276664,25,60,0,0,1,1,0.1482584495,1.259733249
2022,2022_30,Al Thumama Stadium,Doha,Qatar,25.3108807,51.5081812,19,IR Iran,United States,NA,NA,NA,NA,4,NA,25,60,0,0,1,0,NA,NA
2022,2022_30,Al Thumama Stadium,Doha,Qatar,25.3108807,51.5081812,19,United States,IR Iran,NA,NA,NA,NA,4,52.80999820276664,25,60,1,0,0,0,2.2389452326,1.699592709
2022,2022_31,Ahmed bin Ali Stadium,NA,NA,NA,NA,NA,Wales,England,1439,2050,-611,FALSE,4,NA,NA,NA,0,0,0,3,0.384377818,1.834602883
2022,2022_31,Ahmed bin Ali Stadium,NA,NA,NA,NA,NA,England,Wales,2050,1439,611,FALSE,4,NA,NA,NA,0,3,0,0,2.342743325,6.393112874
2022,2022_32,Al Janoub Stadium,Al Wakrah,Qatar,25.0037453,51.4103338,14,Cameroon,Serbia,NA,NA,NA,FALSE,4,0,25,60,1,2,2,1,1.5205349259999998,1.5462085242
2022,2022_32,Al Janoub Stadium,Al Wakrah,Qatar,25.0037453,51.4103338,14,Serbia,Cameroon,NA,NA,NA,FALSE,4,NA,25,60,2,1,1,2,1.200804184,1.889593778
2022,2022_33,Education City Stadium,Al Rayyan,Qatar,25.0819602,51.158416,47,Korea Republic,Ghana,NA,NA,NA,NA,4,0,25,60,0,2,2,1,NA,NA
2022,2022_33,Education City Stadium,Al Rayyan,Qatar,25.0819602,51.158416,47,Ghana,Korea Republic,NA,NA,NA,FALSE,4,NA,25,60,2,1,0,2,1.586131237,1.7671220417
2022,2022_34,Stadium 974,NA,NA,NA,NA,NA,Brazil,Switzerland,NA,NA,NA,FALSE,4,NA,NA,NA,0,1,0,0,4.0432355797,9.5933574015
2022,2022_34,Stadium 974,NA,NA,NA,NA,NA,Switzerland,Brazil,NA,NA,NA,FALSE,4,NA,NA,NA,0,0,0,1,2.672125062,3.418391293
2022,2022_35,Lusail Iconic Stadium,NA,NA,NA,NA,NA,Portugal,Uruguay,NA,NA,NA,FALSE,4,NA,NA,NA,0,1,0,0,2.8245293997,4.4881810286
2022,2022_35,Lusail Iconic Stadium,NA,NA,NA,NA,NA,Uruguay,Portugal,NA,NA,NA,FALSE,4,NA,NA,NA,0,0,0,1,2.173543028,1.0969908286
2022,2022_36,Ahmed bin Ali Stadium,NA,NA,NA,NA,NA,Japan,Costa Rica,NA,NA,NA,FALSE,4,NA,NA,NA,0,0,0,1,0.972714699,6.410855815
2022,2022_36,Ahmed bin Ali Stadium,NA,NA,NA,NA,NA,Costa Rica,Japan,NA,NA,NA,NA,4,NA,NA,NA,0,1,0,0,0.220108489,1.014003962
2022,2022_37,Al Thumama Stadium,Doha,Qatar,25.3108807,51.5081812,19,Belgium,Morocco,NA,NA,NA,FALSE,4,NA,25,60,0,0,0,2,1.264217617,2.4302754108
2022,2022_37,Al Thumama Stadium,Doha,Qatar,25.3108807,51.5081812,19,Morocco,Belgium,NA,NA,NA,FALSE,4,52.80999820276664,25,60,0,2,0,0,2.221128018,6.457241924
2022,2022_38,Khalifa International Stadium,Doha,Qatar,25.3108807,51.5081812,19,Croatia,Canada,NA,NA,NA,FALSE,4,52.80999820276664,25,60,2,2,1,0,2.843158396,10.3265440029
2022,2022_38,Khalifa International Stadium,Doha,Qatar,25.3108807,51.5081812,19,Canada,Croatia,NA,NA,NA,FALSE,4,NA,25,60,1,0,2,2,2.067806789,1.86081874
2022,2022_39,Al Bayt Stadium,Al Khor,Qatar,25.7567822,51.3269839,28,Spain,Germany,NA,NA,NA,FALSE,4,52.80999820276664,25,60,0,1,0,1,2.5676409810000003,4.5369862764
2022,2022_39,Al Bayt Stadium,Al Khor,Qatar,25.7567822,51.3269839,28,Germany,Spain,NA,NA,NA,FALSE,4,52.80999820276664,25,60,0,1,0,1,2.4954951667,5.735582765
2022,2022_40,Al Janoub Stadium,Al Wakrah,Qatar,25.0037453,51.4103338,14,Tunisia,Australia,NA,NA,NA,FALSE,4,26.827473283833054,25,60,0,0,1,0,1.337193666,1.073258783
2022,2022_40,Al Janoub Stadium,Al Wakrah,Qatar,25.0037453,51.4103338,14,Australia,Tunisia,NA,NA,NA,FALSE,4,0,25,60,1,0,0,0,0.6613009567,0.916870549
2022,2022_41,Education City Stadium,Al Rayyan,Qatar,25.0819602,51.158416,47,Poland,Saudi Arabia,NA,NA,NA,FALSE,4,NA,25,60,1,1,0,0,1.107264075,3.555957007
2022,2022_41,Education City Stadium,Al Rayyan,Qatar,25.0819602,51.158416,47,Saudi Arabia,Poland,NA,NA,NA,NA,4,NA,25,60,0,0,1,1,1.379370686,1.822178582
2022,2022_42,Stadium 974,NA,NA,NA,NA,NA,France,Denmark,NA,NA,NA,FALSE,4,NA,NA,NA,0,2,0,1,4.883144214,10.072713969
2022,2022_42,Stadium 974,NA,NA,NA,NA,NA,Denmark,France,NA,NA,NA,FALSE,4,NA,NA,NA,0,1,0,2,0.561165611,2.631091621
2022,2022_43,Lusail Iconic Stadium,NA,NA,NA,NA,NA,Argentina,Mexico,NA,NA,NA,FALSE,4,NA,NA,NA,0,2,0,0,6.275962934,14.712479982
2022,2022_43,Lusail Iconic Stadium,NA,NA,NA,NA,NA,Mexico,Argentina,NA,NA,NA,FALSE,4,NA,NA,NA,0,0,0,2,1.4454907589,1.6121591520999998
2022,2022_44,Ahmed bin Ali Stadium,NA,NA,NA,NA,NA,Wales,IR Iran,1439,NA,NA,FALSE,4,NA,NA,NA,0,0,0,2,0.384377818,1.834602883
2022,2022_44,Ahmed bin Ali Stadium,NA,NA,NA,NA,NA,IR Iran,Wales,NA,1439,NA,NA,4,NA,NA,NA,0,2,0,0,NA,NA
2022,2022_45,Al Thumama Stadium,Doha,Qatar,25.3108807,51.5081812,19,Qatar,Senegal,NA,NA,NA,FALSE,5,52.80999820276664,25,60,0,1,1,2,0.1482584495,1.259733249
2022,2022_45,Al Thumama Stadium,Doha,Qatar,25.3108807,51.5081812,19,Senegal,Qatar,NA,NA,NA,FALSE,4,0,25,60,1,2,0,1,2.8067435545,1.467984917
2022,2022_46,Khalifa International Stadium,Doha,Qatar,25.3108807,51.5081812,19,Netherlands,Ecuador,NA,NA,NA,FALSE,4,0,25,60,1,0,0,1,1.612287024,7.299000016000001
2022,2022_46,Khalifa International Stadium,Doha,Qatar,25.3108807,51.5081812,19,Ecuador,Netherlands,NA,NA,NA,FALSE,5,52.80999820276664,25,60,0,1,1,0,1.172035751,2.6346926394
2022,2022_47,Al Bayt Stadium,Al Khor,Qatar,25.7567822,51.3269839,28,England,United States,2050,NA,NA,FALSE,4,52.80999820276664,25,60,0,0,0,0,2.342743325,6.393112874
2022,2022_47,Al Bayt Stadium,Al Khor,Qatar,25.7567822,51.3269839,28,United States,England,NA,2050,NA,NA,4,NA,25,60,0,0,0,0,2.2389452326,1.699592709
2022,2022_48,Al Janoub Stadium,Al Wakrah,Qatar,25.0037453,51.4103338,14,Switzerland,Cameroon,NA,NA,NA,FALSE,-1,NA,25,60,0,1,0,0,2.672125062,3.418391293
2022,2022_48,Al Janoub Stadium,Al Wakrah,Qatar,25.0037453,51.4103338,14,Cameroon,Switzerland,NA,NA,NA,FALSE,-1,NA,25,60,0,0,0,1,1.5205349259999998,1.5462085242
2022,2022_49,Education City Stadium,Al Rayyan,Qatar,25.0819602,51.158416,47,Uruguay,Korea Republic,NA,NA,NA,FALSE,-1,NA,25,60,0,0,0,0,2.173543028,1.0969908286
2022,2022_49,Education City Stadium,Al Rayyan,Qatar,25.0819602,51.158416,47,Korea Republic,Uruguay,NA,NA,NA,NA,-1,NA,25,60,0,0,0,0,NA,NA
2022,2022_50,Stadium 974,NA,NA,NA,NA,NA,Portugal,Ghana,NA,NA,NA,FALSE,-1,NA,NA,NA,0,2,0,2,2.8245293997,4.4881810286
2022,2022_50,Stadium 974,NA,NA,NA,NA,NA,Ghana,Portugal,NA,NA,NA,FALSE,-1,NA,NA,NA,0,2,0,2,1.586131237,1.7671220417
2022,2022_51,Lusail Iconic Stadium,NA,NA,NA,NA,NA,Brazil,Serbia,NA,NA,NA,FALSE,-1,NA,NA,NA,0,2,0,0,4.0432355797,9.5933574015
2022,2022_51,Lusail Iconic Stadium,NA,NA,NA,NA,NA,Serbia,Brazil,NA,NA,NA,FALSE,-1,NA,NA,NA,0,0,0,2,1.200804184,1.889593778
2022,2022_52,Al Bayt Stadium,Al Khor,Qatar,25.7567822,51.3269839,28,Morocco,Croatia,NA,NA,NA,FALSE,-1,NA,25,60,0,0,0,0,2.221128018,6.457241924
2022,2022_52,Al Bayt Stadium,Al Khor,Qatar,25.7567822,51.3269839,28,Croatia,Morocco,NA,NA,NA,FALSE,-1,NA,25,60,0,0,0,0,2.843158396,10.3265440029
2022,2022_53,Khalifa International Stadium,Doha,Qatar,25.3108807,51.5081812,19,Germany,Japan,NA,NA,NA,FALSE,-1,NA,25,60,0,0,0,2,2.4954951667,5.735582765
2022,2022_53,Khalifa International Stadium,Doha,Qatar,25.3108807,51.5081812,19,Japan,Germany,NA,NA,NA,FALSE,-1,NA,25,60,0,2,0,0,0.972714699,6.410855815
2022,2022_54,Al Thumama Stadium,Doha,Qatar,25.3108807,51.5081812,19,Spain,Costa Rica,NA,NA,NA,FALSE,-1,NA,25,60,2,4,0,0,2.5676409810000003,4.5369862764
2022,2022_54,Al Thumama Stadium,Doha,Qatar,25.3108807,51.5081812,19,Costa Rica,Spain,NA,NA,NA,NA,-1,NA,25,60,0,0,2,4,0.220108489,1.014003962
2022,2022_55,Ahmed bin Ali Stadium,NA,NA,NA,NA,NA,Belgium,Canada,NA,NA,NA,FALSE,-1,NA,NA,NA,1,0,0,0,1.264217617,2.4302754108
2022,2022_55,Ahmed bin Ali Stadium,NA,NA,NA,NA,NA,Canada,Belgium,NA,NA,NA,FALSE,-1,NA,NA,NA,0,0,1,0,2.067806789,1.86081874
2022,2022_56,Lusail Iconic Stadium,NA,NA,NA,NA,NA,Argentina,Saudi Arabia,NA,NA,NA,FALSE,-1,NA,NA,NA,0,0,0,2,6.275962934,14.712479982
2022,2022_56,Lusail Iconic Stadium,NA,NA,NA,NA,NA,Saudi Arabia,Argentina,NA,NA,NA,NA,-1,NA,NA,NA,0,2,0,0,1.379370686,1.822178582
2022,2022_57,Education City Stadium,Al Rayyan,Qatar,25.0819602,51.158416,47,Denmark,Tunisia,NA,NA,NA,FALSE,-1,NA,25,60,0,0,0,0,0.561165611,2.631091621
2022,2022_57,Education City Stadium,Al Rayyan,Qatar,25.0819602,51.158416,47,Tunisia,Denmark,NA,NA,NA,FALSE,-1,NA,25,60,0,0,0,0,1.337193666,1.073258783
2022,2022_58,Stadium 974,NA,NA,NA,NA,NA,Mexico,Poland,NA,NA,NA,FALSE,-1,NA,NA,NA,0,0,0,0,1.4454907589,1.6121591520999998
2022,2022_58,Stadium 974,NA,NA,NA,NA,NA,Poland,Mexico,NA,NA,NA,FALSE,-1,NA,NA,NA,0,0,0,0,1.107264075,3.555957007
2022,2022_59,Al Janoub Stadium,Al Wakrah,Qatar,25.0037453,51.4103338,14,France,Australia,NA,NA,NA,FALSE,-1,NA,25,60,2,2,1,0,4.883144214,10.072713969
2022,2022_59,Al Janoub Stadium,Al Wakrah,Qatar,25.0037453,51.4103338,14,Australia,France,NA,NA,NA,FALSE,-1,NA,25,60,1,0,2,2,0.6613009567,0.916870549
2022,2022_60,Khalifa International Stadium,Doha,Qatar,25.3108807,51.5081812,19,England,IR Iran,2050,NA,NA,FALSE,-1,NA,25,60,3,3,0,1,2.342743325,6.393112874
2022,2022_60,Khalifa International Stadium,Doha,Qatar,25.3108807,51.5081812,19,IR Iran,England,NA,2050,NA,NA,-1,NA,25,60,0,1,3,3,NA,NA
2022,2022_61,Al Thumama Stadium,Doha,Qatar,25.3108807,51.5081812,19,Senegal,Netherlands,NA,NA,NA,FALSE,-1,NA,25,60,0,0,0,2,2.8067435545,1.467984917
2022,2022_61,Al Thumama Stadium,Doha,Qatar,25.3108807,51.5081812,19,Netherlands,Senegal,NA,NA,NA,FALSE,-1,NA,25,60,0,2,0,0,1.612287024,7.299000016000001
2022,2022_62,Ahmed bin Ali Stadium,NA,NA,NA,NA,NA,United States,Wales,NA,1439,NA,NA,-1,NA,NA,NA,1,0,0,0,2.2389452326,1.699592709
2022,2022_62,Ahmed bin Ali Stadium,NA,NA,NA,NA,NA,Wales,United States,1439,NA,NA,FALSE,-1,NA,NA,NA,0,0,1,0,0.384377818,1.834602883
2022,2022_63,Al Bayt Stadium,Al Khor,Qatar,25.7567822,51.3269839,28,Qatar,Ecuador,NA,NA,NA,FALSE,-1,NA,25,60,0,0,1,0,0.1482584495,1.259733249
2022,2022_63,Al Bayt Stadium,Al Khor,Qatar,25.7567822,51.3269839,28,Ecuador,Qatar,NA,NA,NA,FALSE,-1,NA,25,60,1,0,0,0,1.172035751,2.6346926394
2018,2018_64,Olimpiyskiy stadion Luzhniki,NA,NA,NA,NA,NA,France,Croatia,NA,NA,NA,FALSE,5,NA,NA,NA,0,2,1,1,5.4872626877,3.311314789
2018,2018_64,Olimpiyskiy stadion Luzhniki,NA,NA,NA,NA,NA,Croatia,France,NA,NA,NA,FALSE,4,NA,NA,NA,1,1,0,2,3.9191701575,15.5582526227
2018,2018_65,Gazprom Arena,NA,NA,NA,NA,NA,Belgium,England,NA,2050,NA,FALSE,4,NA,NA,NA,1,1,0,0,4.922290933999999,7.8021353555
2018,2018_65,Gazprom Arena,NA,NA,NA,NA,NA,England,Belgium,2050,NA,NA,FALSE,3,NA,NA,NA,0,0,1,1,7.019251801999999,8.7782519063
2018,2018_66,Olimpiyskiy stadion Luzhniki,NA,NA,NA,NA,NA,Croatia,England,NA,2050,NA,FALSE,4,NA,NA,NA,0,2,1,0,3.9191701575,15.5582526227
2018,2018_66,Olimpiyskiy stadion Luzhniki,NA,NA,NA,NA,NA,England,Croatia,2050,NA,NA,FALSE,4,NA,NA,NA,1,0,0,2,7.019251801999999,8.7782519063
2018,2018_67,Gazprom Arena,NA,NA,NA,NA,NA,France,Belgium,NA,NA,NA,FALSE,4,NA,NA,NA,0,1,0,0,5.4872626877,3.311314789
2018,2018_67,Gazprom Arena,NA,NA,NA,NA,NA,Belgium,France,NA,NA,NA,FALSE,4,NA,NA,NA,0,0,0,1,4.922290933999999,7.8021353555
2018,2018_68,Cosmos Arena,NA,NA,NA,NA,NA,Sweden,England,NA,2050,NA,FALSE,4,NA,NA,NA,0,0,1,1,3.09572424,4.269706376
2018,2018_68,Cosmos Arena,NA,NA,NA,NA,NA,England,Sweden,2050,NA,NA,FALSE,4,NA,NA,NA,1,1,0,0,7.019251801999999,8.7782519063
2018,2018_69,Olimpiyskiy Stadion Fisht,NA,NA,NA,NA,NA,Russia,Croatia,NA,NA,NA,FALSE,6,NA,NA,NA,1,1,1,1,1.252688792,6.1786866
2018,2018_69,Olimpiyskiy Stadion Fisht,NA,NA,NA,NA,NA,Croatia,Russia,NA,NA,NA,FALSE,6,NA,NA,NA,1,1,1,1,3.9191701575,15.5582526227
2018,2018_70,Stadion Nizhny Novgorod,NA,NA,NA,NA,NA,Uruguay,France,NA,NA,NA,FALSE,6,NA,NA,NA,0,0,1,1,3.187262748,4.2127269248
2018,2018_70,Stadion Nizhny Novgorod,NA,NA,NA,NA,NA,France,Uruguay,NA,NA,NA,FALSE,6,NA,NA,NA,1,1,0,0,5.4872626877,3.311314789
2018,2018_71,Kazan Arena,Kazan,Russia,55.7946485,49.1115022,81,Brazil,Belgium,NA,NA,NA,FALSE,4,NA,18,65,0,1,1,0,3.6833754745,8.629003234199999
2018,2018_71,Kazan Arena,Kazan,Russia,55.7946485,49.1115022,81,Belgium,Brazil,NA,NA,NA,FALSE,4,NA,18,65,1,0,0,1,4.922290933999999,7.8021353555
2018,2018_72,Gazprom Arena,NA,NA,NA,NA,NA,Sweden,Switzerland,NA,NA,NA,FALSE,6,NA,NA,NA,0,1,0,0,3.09572424,4.269706376
2018,2018_72,Gazprom Arena,NA,NA,NA,NA,NA,Switzerland,Sweden,NA,NA,NA,FALSE,6,NA,NA,NA,0,0,0,1,1.7790283223,2.0030543187
2018,2018_73,Otkrytie Arena,NA,NA,NA,NA,NA,Colombia,England,NA,2050,NA,FALSE,5,NA,NA,NA,0,1,0,0,1.2049874458,6.021723425999999
2018,2018_73,Otkrytie Arena,NA,NA,NA,NA,NA,England,Colombia,2050,NA,NA,FALSE,5,NA,NA,NA,0,0,0,1,7.019251801999999,8.7782519063
2018,2018_74,Cosmos Arena,NA,NA,NA,NA,NA,Brazil,Mexico,NA,NA,NA,FALSE,5,NA,NA,NA,0,2,0,0,3.6833754745,8.629003234199999
2018,2018_74,Cosmos Arena,NA,NA,NA,NA,NA,Mexico,Brazil,NA,NA,NA,FALSE,5,NA,NA,NA,0,0,0,2,2.6813454867,2.382998348
2018,2018_75,Rostov Arena,NA,NA,NA,NA,NA,Belgium,Japan,NA,NA,NA,FALSE,4,NA,NA,NA,0,3,0,2,4.922290933999999,7.8021353555
2018,2018_75,Rostov Arena,NA,NA,NA,NA,NA,Japan,Belgium,NA,NA,NA,FALSE,4,NA,NA,NA,0,2,0,3,2.2589586172,2.6283073695
2018,2018_76,Olimpiyskiy stadion Luzhniki,NA,NA,NA,NA,NA,Spain,Russia,NA,NA,NA,FALSE,6,NA,NA,NA,0,0,0,0,2.026332129,4.436062025
2018,2018_76,Olimpiyskiy stadion Luzhniki,NA,NA,NA,NA,NA,Russia,Spain,NA,NA,NA,FALSE,6,NA,NA,NA,0,0,0,0,1.252688792,6.1786866
2018,2018_77,Stadion Nizhny Novgorod,NA,NA,NA,NA,NA,Croatia,Denmark,NA,NA,NA,FALSE,5,NA,NA,NA,1,0,1,0,3.9191701575,15.5582526227
2018,2018_77,Stadion Nizhny Novgorod,NA,NA,NA,NA,NA,Denmark,Croatia,NA,NA,NA,FALSE,5,NA,NA,NA,1,0,1,0,1.211690762,5.677274489799999
2018,2018_78,Kazan Arena,Kazan,Russia,55.7946485,49.1115022,81,France,Argentina,NA,NA,NA,FALSE,4,NA,18,65,0,3,1,2,5.4872626877,3.311314789
2018,2018_78,Kazan Arena,Kazan,Russia,55.7946485,49.1115022,81,Argentina,France,NA,NA,NA,FALSE,4,NA,18,65,1,2,0,3,1.7502445783,3.8454509194
2018,2018_79,Olimpiyskiy Stadion Fisht,NA,NA,NA,NA,NA,Uruguay,Portugal,NA,NA,NA,FALSE,5,NA,NA,NA,1,1,0,1,3.187262748,4.2127269248
2018,2018_79,Olimpiyskiy Stadion Fisht,NA,NA,NA,NA,NA,Portugal,Uruguay,NA,NA,NA,FALSE,5,NA,NA,NA,0,1,1,1,2.4699890408,2.3675875441
2018,2018_80,Volgograd Arena,NA,NA,NA,NA,NA,Japan,Poland,NA,NA,NA,FALSE,4,NA,NA,NA,0,0,0,1,2.2589586172,2.6283073695
2018,2018_80,Volgograd Arena,NA,NA,NA,NA,NA,Poland,Japan,NA,NA,NA,FALSE,4,NA,NA,NA,0,1,0,0,0.940820987,2.256414286
2018,2018_81,Cosmos Arena,NA,NA,NA,NA,NA,Senegal,Colombia,NA,NA,NA,FALSE,4,NA,NA,NA,0,0,0,1,1.235976226,2.430903775
2018,2018_81,Cosmos Arena,NA,NA,NA,NA,NA,Colombia,Senegal,NA,NA,NA,FALSE,4,NA,NA,NA,0,1,0,0,1.2049874458,6.021723425999999
2018,2018_82,Kaliningrad Stadium,Kaliningrad,Russia,54.710128,20.5105838,8,England,Belgium,2050,NA,NA,FALSE,4,NA,18,65,0,0,0,1,7.019251801999999,8.7782519063
2018,2018_82,Kaliningrad Stadium,Kaliningrad,Russia,54.710128,20.5105838,8,Belgium,England,NA,2050,NA,FALSE,5,NA,18,65,0,1,0,0,4.922290933999999,7.8021353555
2018,2018_83,Mordovia Arena,NA,NA,NA,NA,NA,Panama,Tunisia,NA,NA,NA,FALSE,4,NA,NA,NA,0,0,0,2,0.5247727863,1.871416532
2018,2018_83,Mordovia Arena,NA,NA,NA,NA,NA,Tunisia,Panama,NA,NA,NA,FALSE,5,NA,NA,NA,0,2,0,0,2.1470727948,2.8392135038
2018,2018_84,Kazan Arena,Kazan,Russia,55.7946485,49.1115022,81,Korea Republic,Germany,NA,NA,NA,NA,4,NA,18,65,0,2,0,0,NA,NA
2018,2018_84,Kazan Arena,Kazan,Russia,55.7946485,49.1115022,81,Germany,Korea Republic,NA,NA,NA,FALSE,4,NA,18,65,0,0,0,2,1.4430612985,4.8806829447
2018,2018_85,Stadion Central'nyj,NA,NA,NA,NA,NA,Mexico,Sweden,NA,NA,NA,FALSE,4,NA,NA,NA,0,0,0,1,2.6813454867,2.382998348
2018,2018_85,Stadion Central'nyj,NA,NA,NA,NA,NA,Sweden,Mexico,NA,NA,NA,FALSE,4,NA,NA,NA,0,1,0,0,3.09572424,4.269706376
2018,2018_86,Stadion Nizhny Novgorod,NA,NA,NA,NA,NA,Switzerland,Costa Rica,NA,NA,NA,FALSE,5,NA,NA,NA,1,1,0,1,1.7790283223,2.0030543187
2018,2018_86,Stadion Nizhny Novgorod,NA,NA,NA,NA,NA,Costa Rica,Switzerland,NA,NA,NA,NA,5,NA,NA,NA,0,1,1,1,0.804251818,1.5266760056999995
2018,2018_87,Otkrytie Arena,NA,NA,NA,NA,NA,Serbia,Brazil,NA,NA,NA,FALSE,5,NA,NA,NA,0,0,1,1,1.479629875,2.614743868
2018,2018_87,Otkrytie Arena,NA,NA,NA,NA,NA,Brazil,Serbia,NA,NA,NA,FALSE,5,NA,NA,NA,1,1,0,0,3.6833754745,8.629003234199999
2018,2018_88,Olimpiyskiy Stadion Fisht,NA,NA,NA,NA,NA,Australia,Peru,NA,NA,NA,FALSE,5,NA,NA,NA,0,0,1,1,2.003817314,2.017675264
2018,2018_88,Olimpiyskiy Stadion Fisht,NA,NA,NA,NA,NA,Peru,Australia,NA,NA,NA,FALSE,5,NA,NA,NA,1,1,0,0,1.4919641172999998,1.3960103973
2018,2018_89,Olimpiyskiy stadion Luzhniki,NA,NA,NA,NA,NA,Denmark,France,NA,NA,NA,FALSE,5,NA,NA,NA,0,0,0,0,1.211690762,5.677274489799999
2018,2018_89,Olimpiyskiy stadion Luzhniki,NA,NA,NA,NA,NA,France,Denmark,NA,NA,NA,FALSE,5,NA,NA,NA,0,0,0,0,5.4872626877,3.311314789
2018,2018_90,Rostov Arena,NA,NA,NA,NA,NA,Iceland,Croatia,NA,NA,NA,FALSE,4,NA,NA,NA,0,0,0,2,1.9597987445,2.7571746185
2018,2018_90,Rostov Arena,NA,NA,NA,NA,NA,Croatia,Iceland,NA,NA,NA,FALSE,5,NA,NA,NA,0,2,0,0,3.9191701575,15.5582526227
2018,2018_91,Gazprom Arena,NA,NA,NA,NA,NA,Nigeria,Argentina,NA,NA,NA,FALSE,4,NA,NA,NA,0,0,1,1,0.5030580570000001,2.8767680477
2018,2018_91,Gazprom Arena,NA,NA,NA,NA,NA,Argentina,Nigeria,NA,NA,NA,FALSE,5,NA,NA,NA,1,1,0,0,1.7502445783,3.8454509194
2018,2018_92,Volgograd Arena,NA,NA,NA,NA,NA,Saudi Arabia,Egypt,NA,NA,NA,NA,5,NA,NA,NA,0,1,1,0,1.5968654943,1.471242314
2018,2018_92,Volgograd Arena,NA,NA,NA,NA,NA,Egypt,Saudi Arabia,NA,NA,NA,FALSE,6,NA,NA,NA,1,0,0,1,1.502982603,1.4827500450000002
2018,2018_93,Cosmos Arena,NA,NA,NA,NA,NA,Uruguay,Russia,NA,NA,NA,FALSE,5,NA,NA,NA,1,1,0,0,3.187262748,4.2127269248
2018,2018_93,Cosmos Arena,NA,NA,NA,NA,NA,Russia,Uruguay,NA,NA,NA,FALSE,6,NA,NA,NA,0,0,1,1,1.252688792,6.1786866
2018,2018_94,Kaliningrad Stadium,Kaliningrad,Russia,54.710128,20.5105838,8,Spain,Morocco,NA,NA,NA,FALSE,5,1803.697092066477,18,65,1,1,1,1,2.026332129,4.436062025
2018,2018_94,Kaliningrad Stadium,Kaliningrad,Russia,54.710128,20.5105838,8,Morocco,Spain,NA,NA,NA,FALSE,5,NA,18,65,1,1,1,1,2.0164856835,1.5695728915
2018,2018_95,Mordovia Arena,NA,NA,NA,NA,NA,IR Iran,Portugal,NA,NA,NA,NA,5,NA,NA,NA,0,0,1,0,NA,NA
2018,2018_95,Mordovia Arena,NA,NA,NA,NA,NA,Portugal,IR Iran,NA,NA,NA,FALSE,5,NA,NA,NA,1,0,0,0,2.4699890408,2.3675875441
2018,2018_96,Stadion Nizhny Novgorod,NA,NA,NA,NA,NA,England,Panama,2050,NA,NA,FALSE,6,NA,NA,NA,3,1,0,1,7.019251801999999,8.7782519063
2018,2018_96,Stadion Nizhny Novgorod,NA,NA,NA,NA,NA,Panama,England,NA,2050,NA,FALSE,6,NA,NA,NA,0,1,3,1,0.5247727863,1.871416532
2018,2018_97,Stadion Central'nyj,NA,NA,NA,NA,NA,Japan,Senegal,NA,NA,NA,FALSE,5,NA,NA,NA,1,1,1,1,2.2589586172,2.6283073695
2018,2018_97,Stadion Central'nyj,NA,NA,NA,NA,NA,Senegal,Japan,NA,NA,NA,FALSE,5,NA,NA,NA,1,1,1,1,1.235976226,2.430903775
2018,2018_98,Kazan Arena,Kazan,Russia,55.7946485,49.1115022,81,Poland,Colombia,NA,NA,NA,FALSE,5,NA,18,65,0,0,1,2,0.940820987,2.256414286
2018,2018_98,Kazan Arena,Kazan,Russia,55.7946485,49.1115022,81,Colombia,Poland,NA,NA,NA,FALSE,5,NA,18,65,1,2,0,0,1.2049874458,6.021723425999999
2018,2018_99,Otkrytie Arena,NA,NA,NA,NA,NA,Belgium,Tunisia,NA,NA,NA,FALSE,5,NA,NA,NA,2,2,1,1,4.922290933999999,7.8021353555
2018,2018_99,Otkrytie Arena,NA,NA,NA,NA,NA,Tunisia,Belgium,NA,NA,NA,FALSE,5,NA,NA,NA,1,1,2,2,2.1470727948,2.8392135038
2018,2018_100,Rostov Arena,NA,NA,NA,NA,NA,Korea Republic,Mexico,NA,NA,NA,NA,5,NA,NA,NA,0,1,0,1,NA,NA
2018,2018_100,Rostov Arena,NA,NA,NA,NA,NA,Mexico,Korea Republic,NA,NA,NA,FALSE,6,NA,NA,NA,0,1,0,1,2.6813454867,2.382998348
2018,2018_101,Olimpiyskiy Stadion Fisht,NA,NA,NA,NA,NA,Germany,Sweden,NA,NA,NA,FALSE,6,NA,NA,NA,0,2,1,0,1.4430612985,4.8806829447
2018,2018_101,Olimpiyskiy Stadion Fisht,NA,NA,NA,NA,NA,Sweden,Germany,NA,NA,NA,FALSE,5,NA,NA,NA,1,0,0,2,3.09572424,4.269706376
2018,2018_102,Gazprom Arena,NA,NA,NA,NA,NA,Brazil,Costa Rica,NA,NA,NA,FALSE,5,NA,NA,NA,0,2,0,0,3.6833754745,8.629003234199999
2018,2018_102,Gazprom Arena,NA,NA,NA,NA,NA,Costa Rica,Brazil,NA,NA,NA,NA,5,NA,NA,NA,0,0,0,2,0.804251818,1.5266760056999995
2018,2018_103,Volgograd Arena,NA,NA,NA,NA,NA,Nigeria,Iceland,NA,NA,NA,FALSE,6,NA,NA,NA,0,2,0,0,0.5030580570000001,2.8767680477
2018,2018_103,Volgograd Arena,NA,NA,NA,NA,NA,Iceland,Nigeria,NA,NA,NA,FALSE,6,NA,NA,NA,0,0,0,2,1.9597987445,2.7571746185
2018,2018_104,Kaliningrad Stadium,Kaliningrad,Russia,54.710128,20.5105838,8,Serbia,Switzerland,NA,NA,NA,FALSE,5,NA,18,65,1,0,0,2,1.479629875,2.614743868
2018,2018_104,Kaliningrad Stadium,Kaliningrad,Russia,54.710128,20.5105838,8,Switzerland,Serbia,NA,NA,NA,FALSE,5,NA,18,65,0,2,1,0,1.7790283223,2.0030543187
2018,2018_105,Cosmos Arena,NA,NA,NA,NA,NA,Denmark,Australia,NA,NA,NA,FALSE,5,NA,NA,NA,1,0,0,0,1.211690762,5.677274489799999
2018,2018_105,Cosmos Arena,NA,NA,NA,NA,NA,Australia,Denmark,NA,NA,NA,FALSE,5,NA,NA,NA,0,0,1,0,2.003817314,2.017675264
2018,2018_106,Stadion Central'nyj,NA,NA,NA,NA,NA,France,Peru,NA,NA,NA,FALSE,5,NA,NA,NA,1,0,0,0,5.4872626877,3.311314789
2018,2018_106,Stadion Central'nyj,NA,NA,NA,NA,NA,Peru,France,NA,NA,NA,FALSE,5,NA,NA,NA,0,0,1,0,1.4919641172999998,1.3960103973
2018,2018_107,Stadion Nizhny Novgorod,NA,NA,NA,NA,NA,Argentina,Croatia,NA,NA,NA,FALSE,5,NA,NA,NA,0,0,0,3,1.7502445783,3.8454509194
2018,2018_107,Stadion Nizhny Novgorod,NA,NA,NA,NA,NA,Croatia,Argentina,NA,NA,NA,FALSE,5,NA,NA,NA,0,3,0,0,3.9191701575,15.5582526227
2018,2018_108,Olimpiyskiy stadion Luzhniki,NA,NA,NA,NA,NA,Portugal,Morocco,NA,NA,NA,FALSE,5,NA,NA,NA,1,0,0,0,2.4699890408,2.3675875441
2018,2018_108,Olimpiyskiy stadion Luzhniki,NA,NA,NA,NA,NA,Morocco,Portugal,NA,NA,NA,FALSE,5,NA,NA,NA,0,0,1,0,2.0164856835,1.5695728915
2018,2018_109,Rostov Arena,NA,NA,NA,NA,NA,Uruguay,Saudi Arabia,NA,NA,NA,FALSE,5,NA,NA,NA,1,0,0,0,3.187262748,4.2127269248
2018,2018_109,Rostov Arena,NA,NA,NA,NA,NA,Saudi Arabia,Uruguay,NA,NA,NA,NA,6,NA,NA,NA,0,0,1,0,1.5968654943,1.471242314
2018,2018_110,Kazan Arena,Kazan,Russia,55.7946485,49.1115022,81,IR Iran,Spain,NA,NA,NA,NA,5,NA,18,65,0,0,0,1,NA,NA
2018,2018_110,Kazan Arena,Kazan,Russia,55.7946485,49.1115022,81,Spain,IR Iran,NA,NA,NA,FALSE,5,NA,18,65,0,1,0,0,2.026332129,4.436062025
2018,2018_111,Mordovia Arena,NA,NA,NA,NA,NA,Colombia,Japan,NA,NA,NA,FALSE,-1,NA,NA,NA,1,0,0,1,1.2049874458,6.021723425999999
2018,2018_111,Mordovia Arena,NA,NA,NA,NA,NA,Japan,Colombia,NA,NA,NA,FALSE,-1,NA,NA,NA,0,1,1,0,2.2589586172,2.6283073695
2018,2018_112,Otkrytie Arena,NA,NA,NA,NA,NA,Poland,Senegal,NA,NA,NA,FALSE,-1,NA,NA,NA,0,1,0,1,0.940820987,2.256414286
2018,2018_112,Otkrytie Arena,NA,NA,NA,NA,NA,Senegal,Poland,NA,NA,NA,FALSE,-1,NA,NA,NA,0,1,0,1,1.235976226,2.430903775
2018,2018_113,Gazprom Arena,NA,NA,NA,NA,NA,Russia,Egypt,NA,NA,NA,FALSE,5,NA,NA,NA,0,2,0,0,1.252688792,6.1786866
2018,2018_113,Gazprom Arena,NA,NA,NA,NA,NA,Egypt,Russia,NA,NA,NA,FALSE,4,NA,NA,NA,0,0,0,2,1.502982603,1.4827500450000002
2018,2018_114,Stadion Nizhny Novgorod,NA,NA,NA,NA,NA,Sweden,Korea Republic,NA,NA,NA,FALSE,-1,NA,NA,NA,0,0,0,0,3.09572424,4.269706376
2018,2018_114,Stadion Nizhny Novgorod,NA,NA,NA,NA,NA,Korea Republic,Sweden,NA,NA,NA,NA,-1,NA,NA,NA,0,0,0,0,NA,NA
2018,2018_115,Olimpiyskiy Stadion Fisht,NA,NA,NA,NA,NA,Belgium,Panama,NA,NA,NA,FALSE,-1,NA,NA,NA,0,3,0,0,4.922290933999999,7.8021353555
2018,2018_115,Olimpiyskiy Stadion Fisht,NA,NA,NA,NA,NA,Panama,Belgium,NA,NA,NA,FALSE,-1,NA,NA,NA,0,0,0,3,0.5247727863,1.871416532
2018,2018_116,Volgograd Arena,NA,NA,NA,NA,NA,Tunisia,England,NA,2050,NA,FALSE,-1,NA,NA,NA,0,0,1,1,2.1470727948,2.8392135038
2018,2018_116,Volgograd Arena,NA,NA,NA,NA,NA,England,Tunisia,2050,NA,NA,FALSE,-1,NA,NA,NA,1,1,0,0,7.019251801999999,8.7782519063
2018,2018_117,Cosmos Arena,NA,NA,NA,NA,NA,Costa Rica,Serbia,NA,NA,NA,NA,-1,NA,NA,NA,0,0,0,1,0.804251818,1.5266760056999995
2018,2018_117,Cosmos Arena,NA,NA,NA,NA,NA,Serbia,Costa Rica,NA,NA,NA,FALSE,-1,NA,NA,NA,0,1,0,0,1.479629875,2.614743868
2018,2018_118,Olimpiyskiy stadion Luzhniki,NA,NA,NA,NA,NA,Germany,Mexico,NA,NA,NA,FALSE,-1,NA,NA,NA,0,0,1,0,1.4430612985,4.8806829447
2018,2018_118,Olimpiyskiy stadion Luzhniki,NA,NA,NA,NA,NA,Mexico,Germany,NA,NA,NA,FALSE,-1,NA,NA,NA,1,0,0,0,2.6813454867,2.382998348
2018,2018_119,Rostov Arena,NA,NA,NA,NA,NA,Brazil,Switzerland,NA,NA,NA,FALSE,-1,NA,NA,NA,1,0,0,1,3.6833754745,8.629003234199999
2018,2018_119,Rostov Arena,NA,NA,NA,NA,NA,Switzerland,Brazil,NA,NA,NA,FALSE,-1,NA,NA,NA,0,1,1,0,1.7790283223,2.0030543187
2018,2018_120,Kazan Arena,Kazan,Russia,55.7946485,49.1115022,81,France,Australia,NA,NA,NA,FALSE,-1,NA,18,65,0,0,0,0,5.4872626877,3.311314789
2018,2018_120,Kazan Arena,Kazan,Russia,55.7946485,49.1115022,81,Australia,France,NA,NA,NA,FALSE,-1,NA,18,65,0,0,0,0,2.003817314,2.017675264
2018,2018_121,Otkrytie Arena,NA,NA,NA,NA,NA,Argentina,Iceland,NA,NA,NA,FALSE,-1,NA,NA,NA,1,0,1,0,1.7502445783,3.8454509194
2018,2018_121,Otkrytie Arena,NA,NA,NA,NA,NA,Iceland,Argentina,NA,NA,NA,FALSE,-1,NA,NA,NA,1,0,1,0,1.9597987445,2.7571746185
2018,2018_122,Mordovia Arena,NA,NA,NA,NA,NA,Peru,Denmark,NA,NA,NA,FALSE,-1,NA,NA,NA,0,0,0,1,1.4919641172999998,1.3960103973
2018,2018_122,Mordovia Arena,NA,NA,NA,NA,NA,Denmark,Peru,NA,NA,NA,FALSE,-1,NA,NA,NA,0,1,0,0,1.211690762,5.677274489799999
2018,2018_123,Kaliningrad Stadium,Kaliningrad,Russia,54.710128,20.5105838,8,Croatia,Nigeria,NA,NA,NA,FALSE,-1,NA,18,65,0,0,0,0,3.9191701575,15.5582526227
2018,2018_123,Kaliningrad Stadium,Kaliningrad,Russia,54.710128,20.5105838,8,Nigeria,Croatia,NA,NA,NA,FALSE,-1,NA,18,65,0,0,0,0,0.5030580570000001,2.8767680477
2018,2018_124,Stadion Central'nyj,NA,NA,NA,NA,NA,Egypt,Uruguay,NA,NA,NA,FALSE,-1,NA,NA,NA,0,0,0,1,1.502982603,1.4827500450000002
2018,2018_124,Stadion Central'nyj,NA,NA,NA,NA,NA,Uruguay,Egypt,NA,NA,NA,FALSE,-1,NA,NA,NA,0,1,0,0,3.187262748,4.2127269248
2018,2018_125,Gazprom Arena,NA,NA,NA,NA,NA,Morocco,IR Iran,NA,NA,NA,FALSE,-1,NA,NA,NA,0,0,0,0,2.0164856835,1.5695728915
2018,2018_125,Gazprom Arena,NA,NA,NA,NA,NA,IR Iran,Morocco,NA,NA,NA,NA,-1,NA,NA,NA,0,0,0,0,NA,NA
2018,2018_126,Olimpiyskiy Stadion Fisht,NA,NA,NA,NA,NA,Portugal,Spain,NA,NA,NA,FALSE,-1,NA,NA,NA,1,1,1,2,2.4699890408,2.3675875441
2018,2018_126,Olimpiyskiy Stadion Fisht,NA,NA,NA,NA,NA,Spain,Portugal,NA,NA,NA,FALSE,-1,NA,NA,NA,1,2,1,1,2.026332129,4.436062025
2018,2018_127,Olimpiyskiy stadion Luzhniki,NA,NA,NA,NA,NA,Russia,Saudi Arabia,NA,NA,NA,FALSE,-1,NA,NA,NA,2,3,0,0,1.252688792,6.1786866
2018,2018_127,Olimpiyskiy stadion Luzhniki,NA,NA,NA,NA,NA,Saudi Arabia,Russia,NA,NA,NA,NA,-1,NA,NA,NA,0,0,2,3,1.5968654943,1.471242314
2014,2014_128,Estadio Jornalista Mário Filho,NA,NA,NA,NA,NA,Germany,Argentina,NA,NA,NA,FALSE,5,NA,NA,NA,0,1,0,0,NA,NA
2014,2014_128,Estadio Jornalista Mário Filho,NA,NA,NA,NA,NA,Argentina,Germany,NA,NA,NA,FALSE,4,NA,NA,NA,0,0,0,1,NA,NA
2014,2014_129,Estádio Nacional de Brasília,NA,NA,NA,NA,NA,Brazil,Netherlands,NA,NA,NA,FALSE,4,NA,NA,NA,0,0,1,1,NA,NA
2014,2014_129,Estádio Nacional de Brasília,NA,NA,NA,NA,NA,Netherlands,Brazil,NA,NA,NA,FALSE,3,NA,NA,NA,1,1,0,0,NA,NA
2014,2014_130,Arena Corinthians,São Paulo,Brazil,-23.5506507,-46.6333824,787,Netherlands,Argentina,NA,NA,NA,FALSE,4,NA,18,75,0,0,0,0,NA,NA
2014,2014_130,Arena Corinthians,São Paulo,Brazil,-23.5506507,-46.6333824,787,Argentina,Netherlands,NA,NA,NA,FALSE,4,NA,18,75,0,0,0,0,NA,NA
2014,2014_131,Estádio Governador Magalhães Pinto,NA,NA,NA,NA,NA,Brazil,Germany,NA,NA,NA,FALSE,4,NA,NA,NA,0,1,5,2,NA,NA
2014,2014_131,Estádio Governador Magalhães Pinto,NA,NA,NA,NA,NA,Germany,Brazil,NA,NA,NA,FALSE,4,NA,NA,NA,5,2,0,1,NA,NA
2014,2014_132,Estádio Nacional de Brasília,NA,NA,NA,NA,NA,Argentina,Belgium,NA,NA,NA,FALSE,4,NA,NA,NA,1,0,0,0,NA,NA
2014,2014_132,Estádio Nacional de Brasília,NA,NA,NA,NA,NA,Belgium,Argentina,NA,NA,NA,FALSE,4,NA,NA,NA,0,0,1,0,NA,NA
2014,2014_133,Itaipava Arena Fonte Nova,NA,NA,NA,NA,NA,Netherlands,Costa Rica,NA,NA,NA,FALSE,6,NA,NA,NA,0,0,0,0,NA,NA
2014,2014_133,Itaipava Arena Fonte Nova,NA,NA,NA,NA,NA,Costa Rica,Netherlands,NA,NA,NA,NA,6,NA,NA,NA,0,0,0,0,NA,NA
2014,2014_134,Estadio Jornalista Mário Filho,NA,NA,NA,NA,NA,France,Germany,NA,NA,NA,FALSE,4,NA,NA,NA,0,0,1,0,NA,NA
2014,2014_134,Estadio Jornalista Mário Filho,NA,NA,NA,NA,NA,Germany,France,NA,NA,NA,FALSE,4,NA,NA,NA,1,0,0,0,NA,NA
2014,2014_135,Estádio Castelão,NA,NA,NA,NA,NA,Brazil,Colombia,NA,NA,NA,FALSE,6,NA,NA,NA,1,1,0,0,NA,NA
2014,2014_135,Estádio Castelão,NA,NA,NA,NA,NA,Colombia,Brazil,NA,NA,NA,FALSE,6,NA,NA,NA,0,0,1,1,NA,NA
2014,2014_136,Arena Corinthians,São Paulo,Brazil,-23.5506507,-46.6333824,787,Argentina,Switzerland,NA,NA,NA,FALSE,6,NA,18,75,0,1,0,0,NA,NA
2014,2014_136,Arena Corinthians,São Paulo,Brazil,-23.5506507,-46.6333824,787,Switzerland,Argentina,NA,NA,NA,FALSE,6,NA,18,75,0,0,0,1,NA,NA
2014,2014_137,Itaipava Arena Fonte Nova,NA,NA,NA,NA,NA,Belgium,United States,NA,NA,NA,FALSE,5,NA,NA,NA,0,2,0,1,NA,NA
2014,2014_137,Itaipava Arena Fonte Nova,NA,NA,NA,NA,NA,United States,Belgium,NA,NA,NA,NA,5,NA,NA,NA,0,1,0,2,NA,NA
2014,2014_138,Estádio Nacional de Brasília,NA,NA,NA,NA,NA,France,Nigeria,NA,NA,NA,FALSE,5,NA,NA,NA,0,1,0,0,NA,NA
2014,2014_138,Estádio Nacional de Brasília,NA,NA,NA,NA,NA,Nigeria,France,NA,NA,NA,FALSE,5,NA,NA,NA,0,0,0,1,NA,NA
2014,2014_139,Estádio José Pinheiro Borba,NA,NA,NA,NA,NA,Germany,Algeria,NA,NA,NA,FALSE,4,NA,NA,NA,0,2,0,1,NA,NA
2014,2014_139,Estádio José Pinheiro Borba,NA,NA,NA,NA,NA,Algeria,Germany,NA,NA,NA,FALSE,4,NA,NA,NA,0,1,0,2,NA,NA
2014,2014_140,Estádio Castelão,NA,NA,NA,NA,NA,Netherlands,Mexico,NA,NA,NA,FALSE,6,NA,NA,NA,0,1,0,1,NA,NA
2014,2014_140,Estádio Castelão,NA,NA,NA,NA,NA,Mexico,Netherlands,NA,NA,NA,FALSE,6,NA,NA,NA,0,1,0,1,NA,NA
2014,2014_141,Itaipava Arena Pernambuco,NA,NA,NA,NA,NA,Costa Rica,Greece,NA,NA,NA,NA,5,NA,NA,NA,0,1,0,1,NA,NA
2014,2014_141,Itaipava Arena Pernambuco,NA,NA,NA,NA,NA,Greece,Costa Rica,NA,NA,NA,FALSE,5,NA,NA,NA,0,1,0,1,NA,NA
2014,2014_142,Estádio Governador Magalhães Pinto,NA,NA,NA,NA,NA,Brazil,Chile,NA,NA,NA,FALSE,5,NA,NA,NA,1,0,1,0,NA,NA
2014,2014_142,Estádio Governador Magalhães Pinto,NA,NA,NA,NA,NA,Chile,Brazil,NA,NA,NA,FALSE,5,NA,NA,NA,1,0,1,0,NA,NA
2014,2014_143,Estadio Jornalista Mário Filho,NA,NA,NA,NA,NA,Colombia,Uruguay,NA,NA,NA,FALSE,4,NA,NA,NA,1,1,0,0,NA,NA
2014,2014_143,Estadio Jornalista Mário Filho,NA,NA,NA,NA,NA,Uruguay,Colombia,NA,NA,NA,FALSE,4,NA,NA,NA,0,0,1,1,NA,NA
2014,2014_144,Itaipava Arena Pernambuco,NA,NA,NA,NA,NA,United States,Germany,NA,NA,NA,NA,4,NA,NA,NA,0,0,0,1,NA,NA
2014,2014_144,Itaipava Arena Pernambuco,NA,NA,NA,NA,NA,Germany,United States,NA,NA,NA,FALSE,5,NA,NA,NA,0,1,0,0,NA,NA
2014,2014_145,Estádio Nacional de Brasília,NA,NA,NA,NA,NA,Portugal,Ghana,NA,NA,NA,FALSE,4,NA,NA,NA,0,1,0,1,NA,NA
2014,2014_145,Estádio Nacional de Brasília,NA,NA,NA,NA,NA,Ghana,Portugal,NA,NA,NA,FALSE,5,NA,NA,NA,0,1,0,1,NA,NA
2014,2014_146,Arena Corinthians,São Paulo,Brazil,-23.5506507,-46.6333824,787,Korea Republic,Belgium,NA,NA,NA,NA,4,NA,18,75,0,0,0,1,NA,NA
2014,2014_146,Arena Corinthians,São Paulo,Brazil,-23.5506507,-46.6333824,787,Belgium,Korea Republic,NA,NA,NA,FALSE,4,NA,18,75,0,1,0,0,NA,NA
2014,2014_147,Estádio Joaquim Américo Guimarães,NA,NA,NA,NA,NA,Algeria,Russia,NA,NA,NA,FALSE,4,NA,NA,NA,0,1,1,0,NA,NA
2014,2014_147,Estádio Joaquim Américo Guimarães,NA,NA,NA,NA,NA,Russia,Algeria,NA,NA,NA,FALSE,4,NA,NA,NA,1,0,0,1,NA,NA
2014,2014_148,Itaipava Arena Fonte Nova,NA,NA,NA,NA,NA,Bosnia and Herzegovina,IR Iran,NA,NA,NA,NA,4,NA,NA,NA,1,2,0,1,NA,NA
2014,2014_148,Itaipava Arena Fonte Nova,NA,NA,NA,NA,NA,IR Iran,Bosnia and Herzegovina,NA,NA,NA,NA,4,NA,NA,NA,0,1,1,2,NA,NA
2014,2014_149,Estádio José Pinheiro Borba,NA,NA,NA,NA,NA,Nigeria,Argentina,NA,NA,NA,FALSE,4,NA,NA,NA,1,1,2,1,NA,NA
2014,2014_149,Estádio José Pinheiro Borba,NA,NA,NA,NA,NA,Argentina,Nigeria,NA,NA,NA,FALSE,4,NA,NA,NA,2,1,1,1,NA,NA
2014,2014_150,Arena da Amazônia,NA,NA,NA,NA,NA,Honduras,Switzerland,NA,NA,NA,FALSE,5,NA,NA,NA,0,0,2,1,NA,NA
2014,2014_150,Arena da Amazônia,NA,NA,NA,NA,NA,Switzerland,Honduras,NA,NA,NA,FALSE,5,NA,NA,NA,2,1,0,0,NA,NA
2014,2014_151,Estadio Jornalista Mário Filho,NA,NA,NA,NA,NA,Ecuador,France,NA,NA,NA,FALSE,5,NA,NA,NA,0,0,0,0,NA,NA
2014,2014_151,Estadio Jornalista Mário Filho,NA,NA,NA,NA,NA,France,Ecuador,NA,NA,NA,FALSE,5,NA,NA,NA,0,0,0,0,NA,NA
2014,2014_152,Estádio Governador Magalhães Pinto,NA,NA,NA,NA,NA,Costa Rica,England,NA,2050,NA,NA,4,NA,NA,NA,0,0,0,0,NA,NA
2014,2014_152,Estádio Governador Magalhães Pinto,NA,NA,NA,NA,NA,England,Costa Rica,2050,NA,NA,FALSE,5,NA,NA,NA,0,0,0,0,NA,NA
2014,2014_153,Arena das Dunas,NA,NA,NA,NA,NA,Italy,Uruguay,NA,NA,NA,FALSE,4,NA,NA,NA,0,0,0,1,NA,NA
2014,2014_153,Arena das Dunas,NA,NA,NA,NA,NA,Uruguay,Italy,NA,NA,NA,FALSE,5,NA,NA,NA,0,1,0,0,NA,NA
2014,2014_154,Arena Pantanal,NA,NA,NA,NA,NA,Japan,Colombia,NA,NA,NA,FALSE,5,NA,NA,NA,1,0,0,3,NA,NA
2014,2014_154,Arena Pantanal,NA,NA,NA,NA,NA,Colombia,Japan,NA,NA,NA,FALSE,5,NA,NA,NA,0,3,1,0,NA,NA
2014,2014_155,Estádio Castelão,NA,NA,NA,NA,NA,Greece,Côte d'Ivoire,NA,NA,NA,FALSE,5,NA,NA,NA,1,0,0,1,NA,NA
2014,2014_155,Estádio Castelão,NA,NA,NA,NA,NA,Côte d'Ivoire,Greece,NA,NA,NA,NA,5,NA,NA,NA,0,1,1,0,NA,NA
2014,2014_156,Estádio Joaquim Américo Guimarães,NA,NA,NA,NA,NA,Australia,Spain,NA,NA,NA,FALSE,5,NA,NA,NA,0,0,1,2,NA,NA
2014,2014_156,Estádio Joaquim Américo Guimarães,NA,NA,NA,NA,NA,Spain,Australia,NA,NA,NA,FALSE,5,NA,NA,NA,1,2,0,0,NA,NA
2014,2014_157,Arena Corinthians,São Paulo,Brazil,-23.5506507,-46.6333824,787,Netherlands,Chile,NA,NA,NA,FALSE,5,NA,18,75,0,2,0,0,NA,NA
2014,2014_157,Arena Corinthians,São Paulo,Brazil,-23.5506507,-46.6333824,787,Chile,Netherlands,NA,NA,NA,FALSE,5,NA,18,75,0,0,0,2,NA,NA
2014,2014_158,Itaipava Arena Pernambuco,NA,NA,NA,NA,NA,Croatia,Mexico,NA,NA,NA,FALSE,5,NA,NA,NA,0,1,0,3,NA,NA
2014,2014_158,Itaipava Arena Pernambuco,NA,NA,NA,NA,NA,Mexico,Croatia,NA,NA,NA,FALSE,6,NA,NA,NA,0,3,0,1,NA,NA
2014,2014_159,Estádio Nacional de Brasília,NA,NA,NA,NA,NA,Cameroon,Brazil,NA,NA,NA,FALSE,5,NA,NA,NA,1,0,2,2,NA,NA
2014,2014_159,Estádio Nacional de Brasília,NA,NA,NA,NA,NA,Brazil,Cameroon,NA,NA,NA,FALSE,6,NA,NA,NA,2,2,1,0,NA,NA
2014,2014_160,Estadio Jornalista Mário Filho,NA,NA,NA,NA,NA,Belgium,Russia,NA,NA,NA,FALSE,5,NA,NA,NA,0,1,0,0,NA,NA
2014,2014_160,Estadio Jornalista Mário Filho,NA,NA,NA,NA,NA,Russia,Belgium,NA,NA,NA,FALSE,5,NA,NA,NA,0,0,0,1,NA,NA
2014,2014_161,Estádio José Pinheiro Borba,NA,NA,NA,NA,NA,Korea Republic,Algeria,NA,NA,NA,NA,5,NA,NA,NA,0,2,3,1,NA,NA
2014,2014_161,Estádio José Pinheiro Borba,NA,NA,NA,NA,NA,Algeria,Korea Republic,NA,NA,NA,FALSE,5,NA,NA,NA,3,1,0,2,NA,NA
2014,2014_162,Arena da Amazônia,NA,NA,NA,NA,NA,United States,Portugal,NA,NA,NA,NA,6,NA,NA,NA,0,2,1,1,NA,NA
2014,2014_162,Arena da Amazônia,NA,NA,NA,NA,NA,Portugal,United States,NA,NA,NA,FALSE,6,NA,NA,NA,1,1,0,2,NA,NA
2014,2014_163,Estádio Governador Magalhães Pinto,NA,NA,NA,NA,NA,Argentina,IR Iran,NA,NA,NA,FALSE,6,NA,NA,NA,0,1,0,0,NA,NA
2014,2014_163,Estádio Governador Magalhães Pinto,NA,NA,NA,NA,NA,IR Iran,Argentina,NA,NA,NA,NA,5,NA,NA,NA,0,0,0,1,NA,NA
2014,2014_164,Estádio Castelão,NA,NA,NA,NA,NA,Germany,Ghana,NA,NA,NA,FALSE,5,NA,NA,NA,0,2,0,2,NA,NA
2014,2014_164,Estádio Castelão,NA,NA,NA,NA,NA,Ghana,Germany,NA,NA,NA,FALSE,5,NA,NA,NA,0,2,0,2,NA,NA
2014,2014_165,Arena Pantanal,NA,NA,NA,NA,NA,Nigeria,Bosnia and Herzegovina,NA,NA,NA,FALSE,5,NA,NA,NA,1,0,0,0,NA,NA
2014,2014_165,Arena Pantanal,NA,NA,NA,NA,NA,Bosnia and Herzegovina,Nigeria,NA,NA,NA,NA,6,NA,NA,NA,0,0,1,0,NA,NA
2014,2014_166,Itaipava Arena Pernambuco,NA,NA,NA,NA,NA,Italy,Costa Rica,NA,NA,NA,FALSE,6,NA,NA,NA,0,0,1,0,NA,NA
2014,2014_166,Itaipava Arena Pernambuco,NA,NA,NA,NA,NA,Costa Rica,Italy,NA,NA,NA,NA,6,NA,NA,NA,1,0,0,0,NA,NA
2014,2014_167,Itaipava Arena Fonte Nova,NA,NA,NA,NA,NA,Switzerland,France,NA,NA,NA,FALSE,5,NA,NA,NA,0,2,3,2,NA,NA
2014,2014_167,Itaipava Arena Fonte Nova,NA,NA,NA,NA,NA,France,Switzerland,NA,NA,NA,FALSE,5,NA,NA,NA,3,2,0,2,NA,NA
2014,2014_168,Estádio Joaquim Américo Guimarães,NA,NA,NA,NA,NA,Honduras,Ecuador,NA,NA,NA,FALSE,5,NA,NA,NA,1,0,1,1,NA,NA
2014,2014_168,Estádio Joaquim Américo Guimarães,NA,NA,NA,NA,NA,Ecuador,Honduras,NA,NA,NA,FALSE,5,NA,NA,NA,1,1,1,0,NA,NA
2014,2014_169,Estádio Nacional de Brasília,NA,NA,NA,NA,NA,Colombia,Côte d'Ivoire,NA,NA,NA,FALSE,5,NA,NA,NA,0,2,0,1,NA,NA
2014,2014_169,Estádio Nacional de Brasília,NA,NA,NA,NA,NA,Côte d'Ivoire,Colombia,NA,NA,NA,NA,5,NA,NA,NA,0,1,0,2,NA,NA
2014,2014_170,Arena Corinthians,São Paulo,Brazil,-23.5506507,-46.6333824,787,Uruguay,England,NA,2050,NA,FALSE,5,NA,18,75,1,1,0,1,NA,NA
2014,2014_170,Arena Corinthians,São Paulo,Brazil,-23.5506507,-46.6333824,787,England,Uruguay,2050,NA,NA,FALSE,5,NA,18,75,0,1,1,1,NA,NA
2014,2014_171,Arena das Dunas,NA,NA,NA,NA,NA,Japan,Greece,NA,NA,NA,FALSE,5,NA,NA,NA,0,0,0,0,NA,NA
2014,2014_171,Arena das Dunas,NA,NA,NA,NA,NA,Greece,Japan,NA,NA,NA,FALSE,5,NA,NA,NA,0,0,0,0,NA,NA
2014,2014_172,Estádio José Pinheiro Borba,NA,NA,NA,NA,NA,Australia,Netherlands,NA,NA,NA,FALSE,5,NA,NA,NA,1,0,1,2,NA,NA
2014,2014_172,Estádio José Pinheiro Borba,NA,NA,NA,NA,NA,Netherlands,Australia,NA,NA,NA,FALSE,5,NA,NA,NA,1,2,1,0,NA,NA
2014,2014_173,Estadio Jornalista Mário Filho,NA,NA,NA,NA,NA,Spain,Chile,NA,NA,NA,FALSE,5,NA,NA,NA,0,0,2,0,NA,NA
2014,2014_173,Estadio Jornalista Mário Filho,NA,NA,NA,NA,NA,Chile,Spain,NA,NA,NA,FALSE,5,NA,NA,NA,2,0,0,0,NA,NA
2014,2014_174,Arena da Amazônia,NA,NA,NA,NA,NA,Cameroon,Croatia,NA,NA,NA,FALSE,5,NA,NA,NA,0,0,1,3,NA,NA
2014,2014_174,Arena da Amazônia,NA,NA,NA,NA,NA,Croatia,Cameroon,NA,NA,NA,FALSE,6,NA,NA,NA,1,3,0,0,NA,NA
2014,2014_175,Estádio Governador Magalhães Pinto,NA,NA,NA,NA,NA,Belgium,Algeria,NA,NA,NA,FALSE,-1,NA,NA,NA,0,2,0,0,NA,NA
2014,2014_175,Estádio Governador Magalhães Pinto,NA,NA,NA,NA,NA,Algeria,Belgium,NA,NA,NA,FALSE,-1,NA,NA,NA,0,0,0,2,NA,NA
2014,2014_176,Estádio Castelão,NA,NA,NA,NA,NA,Brazil,Mexico,NA,NA,NA,FALSE,5,NA,NA,NA,0,0,0,0,NA,NA
2014,2014_176,Estádio Castelão,NA,NA,NA,NA,NA,Mexico,Brazil,NA,NA,NA,FALSE,4,NA,NA,NA,0,0,0,0,NA,NA
2014,2014_177,Arena Pantanal,NA,NA,NA,NA,NA,Russia,Korea Republic,NA,NA,NA,FALSE,-1,NA,NA,NA,0,1,0,1,NA,NA
2014,2014_177,Arena Pantanal,NA,NA,NA,NA,NA,Korea Republic,Russia,NA,NA,NA,NA,-1,NA,NA,NA,0,1,0,1,NA,NA
2014,2014_178,Itaipava Arena Fonte Nova,NA,NA,NA,NA,NA,Germany,Portugal,NA,NA,NA,FALSE,-1,NA,NA,NA,2,1,0,0,NA,NA
2014,2014_178,Itaipava Arena Fonte Nova,NA,NA,NA,NA,NA,Portugal,Germany,NA,NA,NA,FALSE,-1,NA,NA,NA,0,0,2,1,NA,NA
2014,2014_179,Estádio Joaquim Américo Guimarães,NA,NA,NA,NA,NA,IR Iran,Nigeria,NA,NA,NA,NA,-1,NA,NA,NA,0,0,0,0,NA,NA
2014,2014_179,Estádio Joaquim Américo Guimarães,NA,NA,NA,NA,NA,Nigeria,IR Iran,NA,NA,NA,FALSE,-1,NA,NA,NA,0,0,0,0,NA,NA
2014,2014_180,Arena das Dunas,NA,NA,NA,NA,NA,Ghana,United States,NA,NA,NA,FALSE,-1,NA,NA,NA,0,1,1,1,NA,NA
2014,2014_180,Arena das Dunas,NA,NA,NA,NA,NA,United States,Ghana,NA,NA,NA,NA,-1,NA,NA,NA,1,1,0,1,NA,NA
2014,2014_181,Estádio Nacional de Brasília,NA,NA,NA,NA,NA,Switzerland,Ecuador,NA,NA,NA,FALSE,-1,NA,NA,NA,0,2,1,0,NA,NA
2014,2014_181,Estádio Nacional de Brasília,NA,NA,NA,NA,NA,Ecuador,Switzerland,NA,NA,NA,FALSE,-1,NA,NA,NA,1,0,0,2,NA,NA
2014,2014_182,Estádio José Pinheiro Borba,NA,NA,NA,NA,NA,France,Honduras,NA,NA,NA,FALSE,-1,NA,NA,NA,0,1,0,0,NA,NA
2014,2014_182,Estádio José Pinheiro Borba,NA,NA,NA,NA,NA,Honduras,France,NA,NA,NA,FALSE,-1,NA,NA,NA,0,0,0,1,NA,NA
2014,2014_183,Estadio Jornalista Mário Filho,NA,NA,NA,NA,NA,Argentina,Bosnia and Herzegovina,NA,NA,NA,FALSE,-1,NA,NA,NA,0,1,0,1,NA,NA
2014,2014_183,Estadio Jornalista Mário Filho,NA,NA,NA,NA,NA,Bosnia and Herzegovina,Argentina,NA,NA,NA,NA,-1,NA,NA,NA,0,1,0,1,NA,NA
2014,2014_184,Estádio Governador Magalhães Pinto,NA,NA,NA,NA,NA,Colombia,Greece,NA,NA,NA,FALSE,-1,NA,NA,NA,1,2,0,0,NA,NA
2014,2014_184,Estádio Governador Magalhães Pinto,NA,NA,NA,NA,NA,Greece,Colombia,NA,NA,NA,FALSE,-1,NA,NA,NA,0,0,1,2,NA,NA
2014,2014_185,Estádio Castelão,NA,NA,NA,NA,NA,Uruguay,Costa Rica,NA,NA,NA,FALSE,-1,NA,NA,NA,0,0,0,3,NA,NA
2014,2014_185,Estádio Castelão,NA,NA,NA,NA,NA,Costa Rica,Uruguay,NA,NA,NA,NA,-1,NA,NA,NA,0,3,0,0,NA,NA
2014,2014_186,Arena da Amazônia,NA,NA,NA,NA,NA,England,Italy,2050,NA,NA,FALSE,-1,NA,NA,NA,1,0,1,1,NA,NA
2014,2014_186,Arena da Amazônia,NA,NA,NA,NA,NA,Italy,England,NA,2050,NA,FALSE,-1,NA,NA,NA,1,1,1,0,NA,NA
2014,2014_187,Itaipava Arena Pernambuco,NA,NA,NA,NA,NA,Côte d'Ivoire,Japan,NA,NA,NA,NA,-1,NA,NA,NA,0,2,1,0,NA,NA
2014,2014_187,Itaipava Arena Pernambuco,NA,NA,NA,NA,NA,Japan,Côte d'Ivoire,NA,NA,NA,FALSE,-1,NA,NA,NA,1,0,0,2,NA,NA
2014,2014_188,Arena das Dunas,NA,NA,NA,NA,NA,Mexico,Cameroon,NA,NA,NA,FALSE,-1,NA,NA,NA,0,1,0,0,NA,NA
2014,2014_188,Arena das Dunas,NA,NA,NA,NA,NA,Cameroon,Mexico,NA,NA,NA,FALSE,-1,NA,NA,NA,0,0,0,1,NA,NA
2014,2014_189,Itaipava Arena Fonte Nova,NA,NA,NA,NA,NA,Spain,Netherlands,NA,NA,NA,FALSE,-1,NA,NA,NA,0,0,1,4,NA,NA
2014,2014_189,Itaipava Arena Fonte Nova,NA,NA,NA,NA,NA,Netherlands,Spain,NA,NA,NA,FALSE,-1,NA,NA,NA,1,4,0,0,NA,NA
2014,2014_190,Arena Pantanal,NA,NA,NA,NA,NA,Chile,Australia,NA,NA,NA,FALSE,-1,NA,NA,NA,2,1,1,0,NA,NA
2014,2014_190,Arena Pantanal,NA,NA,NA,NA,NA,Australia,Chile,NA,NA,NA,FALSE,-1,NA,NA,NA,1,0,2,1,NA,NA
2014,2014_191,Arena Corinthians,São Paulo,Brazil,-23.5506507,-46.6333824,787,Brazil,Croatia,NA,NA,NA,FALSE,-1,NA,18,75,1,1,0,0,NA,NA
2014,2014_191,Arena Corinthians,São Paulo,Brazil,-23.5506507,-46.6333824,787,Croatia,Brazil,NA,NA,NA,FALSE,-1,NA,18,75,0,0,1,1,NA,NA
2010,2010_192,Soccer City,Johannesburg,South Africa,-26.205,28.049722,1747,Netherlands,Spain,NA,NA,NA,FALSE,5,NA,10,45,0,0,0,1,NA,NA
2010,2010_192,Soccer City,Johannesburg,South Africa,-26.205,28.049722,1747,Spain,Netherlands,NA,NA,NA,FALSE,4,499.69571323952306,10,45,0,1,0,0,NA,NA
2010,2010_193,Nelson Mandela Bay Stadium,Port Elizabeth,South Africa,-33.9618598,25.6186731,63,Uruguay,Germany,NA,NA,NA,FALSE,4,NA,14,65,1,1,1,2,NA,NA
2010,2010_193,Nelson Mandela Bay Stadium,Port Elizabeth,South Africa,-33.9618598,25.6186731,63,Germany,Uruguay,NA,NA,NA,FALSE,3,683.0140719460456,14,65,1,2,1,1,NA,NA
2010,2010_194,Moses Mabhida Stadium,Durban,South Africa,-29.861825,31.009909,11,Germany,Spain,NA,NA,NA,FALSE,4,NA,17,70,0,0,0,1,NA,NA
2010,2010_194,Moses Mabhida Stadium,Durban,South Africa,-29.861825,31.009909,11,Spain,Germany,NA,NA,NA,FALSE,4,NA,17,70,0,1,0,0,NA,NA
2010,2010_195,Cape Town Stadium,NA,NA,NA,NA,NA,Uruguay,Netherlands,NA,NA,NA,FALSE,4,NA,NA,NA,1,1,1,2,NA,NA
2010,2010_195,Cape Town Stadium,NA,NA,NA,NA,NA,Netherlands,Uruguay,NA,NA,NA,FALSE,4,NA,NA,NA,1,2,1,1,NA,NA
2010,2010_196,Cape Town Stadium,NA,NA,NA,NA,NA,Argentina,Germany,NA,NA,NA,FALSE,6,NA,NA,NA,0,0,1,3,NA,NA
2010,2010_196,Cape Town Stadium,NA,NA,NA,NA,NA,Germany,Argentina,NA,NA,NA,FALSE,6,NA,NA,NA,1,3,0,0,NA,NA
2010,2010_197,Emirates Airline Park,NA,NA,NA,NA,NA,Paraguay,Spain,NA,NA,NA,FALSE,4,NA,NA,NA,0,0,0,1,NA,NA
2010,2010_197,Emirates Airline Park,NA,NA,NA,NA,NA,Spain,Paraguay,NA,NA,NA,FALSE,4,NA,NA,NA,0,1,0,0,NA,NA
2010,2010_198,Nelson Mandela Bay Stadium,Port Elizabeth,South Africa,-33.9618598,25.6186731,63,Netherlands,Brazil,NA,NA,NA,FALSE,4,683.0140719460456,14,65,0,2,1,0,NA,NA
2010,2010_198,Nelson Mandela Bay Stadium,Port Elizabeth,South Africa,-33.9618598,25.6186731,63,Brazil,Netherlands,NA,NA,NA,FALSE,4,NA,14,65,1,0,0,2,NA,NA
2010,2010_199,Soccer City,Johannesburg,South Africa,-26.205,28.049722,1747,Uruguay,Ghana,NA,NA,NA,FALSE,6,893.582323552711,10,45,0,1,1,0,NA,NA
2010,2010_199,Soccer City,Johannesburg,South Africa,-26.205,28.049722,1747,Ghana,Uruguay,NA,NA,NA,FALSE,6,134.9163031773806,10,45,1,0,0,1,NA,NA
2010,2010_200,Loftus Versfeld Stadium,NA,NA,NA,NA,NA,Paraguay,Japan,NA,NA,NA,FALSE,5,NA,NA,NA,0,0,0,0,NA,NA
2010,2010_200,Loftus Versfeld Stadium,NA,NA,NA,NA,NA,Japan,Paraguay,NA,NA,NA,FALSE,5,NA,NA,NA,0,0,0,0,NA,NA
2010,2010_201,Cape Town Stadium,NA,NA,NA,NA,NA,Spain,Portugal,NA,NA,NA,FALSE,4,NA,NA,NA,0,1,0,0,NA,NA
2010,2010_201,Cape Town Stadium,NA,NA,NA,NA,NA,Portugal,Spain,NA,NA,NA,FALSE,4,NA,NA,NA,0,0,0,1,NA,NA
2010,2010_202,Moses Mabhida Stadium,Durban,South Africa,-29.861825,31.009909,11,Netherlands,Slovakia,NA,NA,NA,FALSE,4,NA,17,70,1,1,0,0,NA,NA
2010,2010_202,Moses Mabhida Stadium,Durban,South Africa,-29.861825,31.009909,11,Slovakia,Netherlands,NA,NA,NA,FALSE,4,NA,17,70,0,0,1,1,NA,NA
2010,2010_203,Emirates Airline Park,NA,NA,NA,NA,NA,Brazil,Chile,NA,NA,NA,FALSE,3,NA,NA,NA,2,1,0,0,NA,NA
2010,2010_203,Emirates Airline Park,NA,NA,NA,NA,NA,Chile,Brazil,NA,NA,NA,FALSE,3,NA,NA,NA,0,0,2,1,NA,NA
2010,2010_204,Toyota Stadium,NA,NA,NA,NA,NA,Germany,England,NA,2050,NA,FALSE,4,NA,NA,NA,2,2,1,0,NA,NA
2010,2010_204,Toyota Stadium,NA,NA,NA,NA,NA,England,Germany,2050,NA,NA,FALSE,4,NA,NA,NA,1,0,2,2,NA,NA
2010,2010_205,Soccer City,Johannesburg,South Africa,-26.205,28.049722,1747,Argentina,Mexico,NA,NA,NA,FALSE,5,NA,10,45,2,1,0,1,NA,NA
2010,2010_205,Soccer City,Johannesburg,South Africa,-26.205,28.049722,1747,Mexico,Argentina,NA,NA,NA,FALSE,5,134.9163031773806,10,45,0,1,2,1,NA,NA
2010,2010_206,Nelson Mandela Bay Stadium,Port Elizabeth,South Africa,-33.9618598,25.6186731,63,Uruguay,Korea Republic,NA,NA,NA,FALSE,4,968.258126782039,14,65,1,1,0,1,NA,NA
2010,2010_206,Nelson Mandela Bay Stadium,Port Elizabeth,South Africa,-33.9618598,25.6186731,63,Korea Republic,Uruguay,NA,NA,NA,NA,4,683.0140719460456,14,65,0,1,1,1,NA,NA
2010,2010_207,Royal Bafokeng Stadium,Sun City,South Africa,-25.3487816,27.0950203,1228,United States,Ghana,NA,NA,NA,NA,3,NA,14,45,0,0,1,1,NA,NA
2010,2010_207,Royal Bafokeng Stadium,Sun City,South Africa,-25.3487816,27.0950203,1228,Ghana,United States,NA,NA,NA,FALSE,3,134.9163031773806,14,45,1,1,0,0,NA,NA
2010,2010_208,Moses Mabhida Stadium,Durban,South Africa,-29.861825,31.009909,11,Portugal,Brazil,NA,NA,NA,FALSE,4,NA,17,70,0,0,0,0,NA,NA
2010,2010_208,Moses Mabhida Stadium,Durban,South Africa,-29.861825,31.009909,11,Brazil,Portugal,NA,NA,NA,FALSE,5,499.69571323952306,17,70,0,0,0,0,NA,NA
2010,2010_209,Mbombela Stadium,Nelspruit,South Africa,-25.4729094,30.9772719,698,Korea DPR,Côte d'Ivoire,NA,NA,NA,NA,4,NA,16,50,0,0,2,1,NA,NA
2010,2010_209,Mbombela Stadium,Nelspruit,South Africa,-25.4729094,30.9772719,698,Côte d'Ivoire,Korea DPR,NA,NA,NA,NA,5,304.0729413331618,16,50,2,1,0,0,NA,NA
2010,2010_210,Loftus Versfeld Stadium,NA,NA,NA,NA,NA,Chile,Spain,NA,NA,NA,FALSE,4,NA,NA,NA,0,1,2,0,NA,NA
2010,2010_210,Loftus Versfeld Stadium,NA,NA,NA,NA,NA,Spain,Chile,NA,NA,NA,FALSE,4,NA,NA,NA,2,0,0,1,NA,NA
2010,2010_211,Toyota Stadium,NA,NA,NA,NA,NA,Switzerland,Honduras,NA,NA,NA,FALSE,4,NA,NA,NA,0,0,0,0,NA,NA
2010,2010_211,Toyota Stadium,NA,NA,NA,NA,NA,Honduras,Switzerland,NA,NA,NA,FALSE,4,NA,NA,NA,0,0,0,0,NA,NA
2010,2010_212,Peter Mokaba Stadium,NA,NA,NA,NA,NA,Paraguay,New Zealand,NA,NA,NA,FALSE,4,NA,NA,NA,0,0,0,0,NA,NA
2010,2010_212,Peter Mokaba Stadium,NA,NA,NA,NA,NA,New Zealand,Paraguay,NA,NA,NA,NA,4,NA,NA,NA,0,0,0,0,NA,NA
2010,2010_213,Emirates Airline Park,NA,NA,NA,NA,NA,Slovakia,Italy,NA,NA,NA,FALSE,4,NA,NA,NA,1,2,0,2,NA,NA
2010,2010_213,Emirates Airline Park,NA,NA,NA,NA,NA,Italy,Slovakia,NA,NA,NA,FALSE,4,NA,NA,NA,0,2,1,2,NA,NA
2010,2010_214,Royal Bafokeng Stadium,Sun City,South Africa,-25.3487816,27.0950203,1228,Denmark,Japan,NA,NA,NA,FALSE,5,NA,14,45,0,1,2,1,NA,NA
2010,2010_214,Royal Bafokeng Stadium,Sun City,South Africa,-25.3487816,27.0950203,1228,Japan,Denmark,NA,NA,NA,FALSE,5,632.8419150588766,14,45,2,1,0,1,NA,NA
2010,2010_215,Cape Town Stadium,NA,NA,NA,NA,NA,Cameroon,Netherlands,NA,NA,NA,FALSE,5,NA,NA,NA,0,0,1,1,NA,NA
2010,2010_215,Cape Town Stadium,NA,NA,NA,NA,NA,Netherlands,Cameroon,NA,NA,NA,FALSE,5,NA,NA,NA,1,1,0,0,NA,NA
2010,2010_216,Nelson Mandela Bay Stadium,Port Elizabeth,South Africa,-33.9618598,25.6186731,63,Slovenia,England,NA,2050,NA,FALSE,5,NA,14,65,0,0,1,0,NA,NA
2010,2010_216,Nelson Mandela Bay Stadium,Port Elizabeth,South Africa,-33.9618598,25.6186731,63,England,Slovenia,2050,NA,NA,FALSE,5,NA,14,65,1,0,0,0,NA,NA
2010,2010_217,Loftus Versfeld Stadium,NA,NA,NA,NA,NA,United States,Algeria,NA,NA,NA,NA,5,NA,NA,NA,0,1,0,0,NA,NA
2010,2010_217,Loftus Versfeld Stadium,NA,NA,NA,NA,NA,Algeria,United States,NA,NA,NA,FALSE,5,NA,NA,NA,0,0,0,1,NA,NA
2010,2010_218,Soccer City,Johannesburg,South Africa,-26.205,28.049722,1747,Ghana,Germany,NA,NA,NA,FALSE,4,134.9163031773806,10,45,0,0,0,1,NA,NA
2010,2010_218,Soccer City,Johannesburg,South Africa,-26.205,28.049722,1747,Germany,Ghana,NA,NA,NA,FALSE,5,893.582323552711,10,45,0,1,0,0,NA,NA
2010,2010_219,Mbombela Stadium,Nelspruit,South Africa,-25.4729094,30.9772719,698,Australia,Serbia,NA,NA,NA,FALSE,4,390.1531094025166,16,50,0,2,0,1,NA,NA
2010,2010_219,Mbombela Stadium,Nelspruit,South Africa,-25.4729094,30.9772719,698,Serbia,Australia,NA,NA,NA,FALSE,5,1075.9981043316666,16,50,0,1,0,2,NA,NA
2010,2010_220,Royal Bafokeng Stadium,Sun City,South Africa,-25.3487816,27.0950203,1228,Mexico,Uruguay,NA,NA,NA,FALSE,5,NA,14,45,0,0,1,0,NA,NA
2010,2010_220,Royal Bafokeng Stadium,Sun City,South Africa,-25.3487816,27.0950203,1228,Uruguay,Mexico,NA,NA,NA,FALSE,6,NA,14,45,1,0,0,0,NA,NA
2010,2010_221,Toyota Stadium,NA,NA,NA,NA,NA,France,South Africa,NA,NA,NA,FALSE,5,NA,NA,NA,0,1,2,0,NA,NA
2010,2010_221,Toyota Stadium,NA,NA,NA,NA,NA,South Africa,France,NA,NA,NA,NA,6,NA,NA,NA,2,0,0,1,NA,NA
2010,2010_222,Moses Mabhida Stadium,Durban,South Africa,-29.861825,31.009909,11,Nigeria,Korea Republic,NA,NA,NA,FALSE,5,NA,17,70,1,0,1,1,NA,NA
2010,2010_222,Moses Mabhida Stadium,Durban,South Africa,-29.861825,31.009909,11,Korea Republic,Nigeria,NA,NA,NA,NA,5,499.69571323952306,17,70,1,1,1,0,NA,NA
2010,2010_223,Peter Mokaba Stadium,NA,NA,NA,NA,NA,Greece,Argentina,NA,NA,NA,FALSE,5,NA,NA,NA,0,0,0,2,NA,NA
2010,2010_223,Peter Mokaba Stadium,NA,NA,NA,NA,NA,Argentina,Greece,NA,NA,NA,FALSE,5,NA,NA,NA,0,2,0,0,NA,NA
2010,2010_224,Cape Town Stadium,NA,NA,NA,NA,NA,Portugal,Korea DPR,NA,NA,NA,FALSE,6,NA,NA,NA,1,6,0,0,NA,NA
2010,2010_224,Cape Town Stadium,NA,NA,NA,NA,NA,Korea DPR,Portugal,NA,NA,NA,NA,6,NA,NA,NA,0,0,1,6,NA,NA
2010,2010_225,Nelson Mandela Bay Stadium,Port Elizabeth,South Africa,-33.9618598,25.6186731,63,Chile,Switzerland,NA,NA,NA,FALSE,5,1075.9981043316666,14,65,0,1,0,0,NA,NA
2010,2010_225,Nelson Mandela Bay Stadium,Port Elizabeth,South Africa,-33.9618598,25.6186731,63,Switzerland,Chile,NA,NA,NA,FALSE,5,683.0140719460456,14,65,0,0,0,1,NA,NA
2010,2010_226,Emirates Airline Park,NA,NA,NA,NA,NA,Spain,Honduras,NA,NA,NA,FALSE,5,NA,NA,NA,1,1,0,0,NA,NA
2010,2010_226,Emirates Airline Park,NA,NA,NA,NA,NA,Honduras,Spain,NA,NA,NA,FALSE,5,NA,NA,NA,0,0,1,1,NA,NA
2010,2010_227,Toyota Stadium,NA,NA,NA,NA,NA,Slovakia,Paraguay,NA,NA,NA,FALSE,5,NA,NA,NA,0,0,1,1,NA,NA
2010,2010_227,Toyota Stadium,NA,NA,NA,NA,NA,Paraguay,Slovakia,NA,NA,NA,FALSE,6,NA,NA,NA,1,1,0,0,NA,NA
2010,2010_228,Mbombela Stadium,Nelspruit,South Africa,-25.4729094,30.9772719,698,Italy,New Zealand,NA,NA,NA,FALSE,6,NA,16,50,0,0,1,0,NA,NA
2010,2010_228,Mbombela Stadium,Nelspruit,South Africa,-25.4729094,30.9772719,698,New Zealand,Italy,NA,NA,NA,NA,5,390.1531094025166,16,50,1,0,0,0,NA,NA
2010,2010_229,Soccer City,Johannesburg,South Africa,-26.205,28.049722,1747,Brazil,Côte d'Ivoire,NA,NA,NA,FALSE,5,NA,10,45,1,2,0,1,NA,NA
2010,2010_229,Soccer City,Johannesburg,South Africa,-26.205,28.049722,1747,Côte d'Ivoire,Brazil,NA,NA,NA,NA,5,893.582323552711,10,45,0,1,1,2,NA,NA
2010,2010_230,Moses Mabhida Stadium,Durban,South Africa,-29.861825,31.009909,11,Netherlands,Japan,NA,NA,NA,FALSE,5,499.69571323952306,17,70,0,1,0,0,NA,NA
2010,2010_230,Moses Mabhida Stadium,Durban,South Africa,-29.861825,31.009909,11,Japan,Netherlands,NA,NA,NA,FALSE,5,NA,17,70,0,0,0,1,NA,NA
2010,2010_231,Royal Bafokeng Stadium,Sun City,South Africa,-25.3487816,27.0950203,1228,Ghana,Australia,NA,NA,NA,FALSE,6,NA,14,45,0,0,1,0,NA,NA
2010,2010_231,Royal Bafokeng Stadium,Sun City,South Africa,-25.3487816,27.0950203,1228,Australia,Ghana,NA,NA,NA,FALSE,6,632.8419150588766,14,45,1,0,0,0,NA,NA
2010,2010_232,Loftus Versfeld Stadium,NA,NA,NA,NA,NA,Cameroon,Denmark,NA,NA,NA,FALSE,5,NA,NA,NA,1,0,1,1,NA,NA
2010,2010_232,Loftus Versfeld Stadium,NA,NA,NA,NA,NA,Denmark,Cameroon,NA,NA,NA,FALSE,5,NA,NA,NA,1,1,1,0,NA,NA
2010,2010_233,Nelson Mandela Bay Stadium,Port Elizabeth,South Africa,-33.9618598,25.6186731,63,Germany,Serbia,NA,NA,NA,FALSE,5,683.0140719460456,14,65,0,0,1,0,NA,NA
2010,2010_233,Nelson Mandela Bay Stadium,Port Elizabeth,South Africa,-33.9618598,25.6186731,63,Serbia,Germany,NA,NA,NA,FALSE,5,NA,14,65,1,0,0,0,NA,NA
2010,2010_234,Emirates Airline Park,NA,NA,NA,NA,NA,Slovenia,United States,NA,NA,NA,FALSE,5,NA,NA,NA,2,0,0,2,NA,NA
2010,2010_234,Emirates Airline Park,NA,NA,NA,NA,NA,United States,Slovenia,NA,NA,NA,NA,6,NA,NA,NA,0,2,2,0,NA,NA
2010,2010_235,Cape Town Stadium,NA,NA,NA,NA,NA,England,Algeria,2050,NA,NA,FALSE,6,NA,NA,NA,0,0,0,0,NA,NA
2010,2010_235,Cape Town Stadium,NA,NA,NA,NA,NA,Algeria,England,NA,2050,NA,FALSE,5,NA,NA,NA,0,0,0,0,NA,NA
2010,2010_236,Soccer City,Johannesburg,South Africa,-26.205,28.049722,1747,Argentina,Korea Republic,NA,NA,NA,FALSE,5,NA,10,45,1,2,1,0,NA,NA
2010,2010_236,Soccer City,Johannesburg,South Africa,-26.205,28.049722,1747,Korea Republic,Argentina,NA,NA,NA,NA,5,893.582323552711,10,45,1,0,1,2,NA,NA
2010,2010_237,Toyota Stadium,NA,NA,NA,NA,NA,Greece,Nigeria,NA,NA,NA,FALSE,5,NA,NA,NA,1,1,1,0,NA,NA
2010,2010_237,Toyota Stadium,NA,NA,NA,NA,NA,Nigeria,Greece,NA,NA,NA,FALSE,5,NA,NA,NA,1,0,1,1,NA,NA
2010,2010_238,Peter Mokaba Stadium,NA,NA,NA,NA,NA,France,Mexico,NA,NA,NA,FALSE,6,NA,NA,NA,0,0,0,1,NA,NA
2010,2010_238,Peter Mokaba Stadium,NA,NA,NA,NA,NA,Mexico,France,NA,NA,NA,FALSE,6,NA,NA,NA,0,1,0,0,NA,NA
2010,2010_239,Mbombela Stadium,Nelspruit,South Africa,-25.4729094,30.9772719,698,Honduras,Chile,NA,NA,NA,FALSE,-1,NA,16,50,0,0,1,0,NA,NA
2010,2010_239,Mbombela Stadium,Nelspruit,South Africa,-25.4729094,30.9772719,698,Chile,Honduras,NA,NA,NA,FALSE,-1,NA,16,50,1,0,0,0,NA,NA
2010,2010_240,Moses Mabhida Stadium,Durban,South Africa,-29.861825,31.009909,11,Spain,Switzerland,NA,NA,NA,FALSE,-1,NA,17,70,0,0,0,1,NA,NA
2010,2010_240,Moses Mabhida Stadium,Durban,South Africa,-29.861825,31.009909,11,Switzerland,Spain,NA,NA,NA,FALSE,-1,NA,17,70,0,1,0,0,NA,NA
2010,2010_241,Loftus Versfeld Stadium,NA,NA,NA,NA,NA,South Africa,Uruguay,NA,NA,NA,NA,5,NA,NA,NA,0,0,1,1,NA,NA
2010,2010_241,Loftus Versfeld Stadium,NA,NA,NA,NA,NA,Uruguay,South Africa,NA,NA,NA,FALSE,5,NA,NA,NA,1,1,0,0,NA,NA
2010,2010_242,Royal Bafokeng Stadium,Sun City,South Africa,-25.3487816,27.0950203,1228,New Zealand,Slovakia,NA,NA,NA,NA,-1,NA,14,45,0,1,0,1,NA,NA
2010,2010_242,Royal Bafokeng Stadium,Sun City,South Africa,-25.3487816,27.0950203,1228,Slovakia,New Zealand,NA,NA,NA,FALSE,-1,NA,14,45,0,1,0,1,NA,NA
2010,2010_243,Nelson Mandela Bay Stadium,Port Elizabeth,South Africa,-33.9618598,25.6186731,63,Côte d'Ivoire,Portugal,NA,NA,NA,NA,-1,NA,14,65,0,0,0,0,NA,NA
2010,2010_243,Nelson Mandela Bay Stadium,Port Elizabeth,South Africa,-33.9618598,25.6186731,63,Portugal,Côte d'Ivoire,NA,NA,NA,FALSE,-1,NA,14,65,0,0,0,0,NA,NA
2010,2010_244,Emirates Airline Park,NA,NA,NA,NA,NA,Brazil,Korea DPR,NA,NA,NA,FALSE,-1,NA,NA,NA,0,2,0,1,NA,NA
2010,2010_244,Emirates Airline Park,NA,NA,NA,NA,NA,Korea DPR,Brazil,NA,NA,NA,NA,-1,NA,NA,NA,0,1,0,2,NA,NA
2010,2010_245,Soccer City,Johannesburg,South Africa,-26.205,28.049722,1747,Netherlands,Denmark,NA,NA,NA,FALSE,-1,NA,10,45,0,1,0,0,NA,NA
2010,2010_245,Soccer City,Johannesburg,South Africa,-26.205,28.049722,1747,Denmark,Netherlands,NA,NA,NA,FALSE,-1,NA,10,45,0,0,0,1,NA,NA
2010,2010_246,Toyota Stadium,NA,NA,NA,NA,NA,Japan,Cameroon,NA,NA,NA,FALSE,-1,NA,NA,NA,1,0,0,0,NA,NA
2010,2010_246,Toyota Stadium,NA,NA,NA,NA,NA,Cameroon,Japan,NA,NA,NA,FALSE,-1,NA,NA,NA,0,0,1,0,NA,NA
2010,2010_247,Cape Town Stadium,NA,NA,NA,NA,NA,Italy,Paraguay,NA,NA,NA,FALSE,-1,NA,NA,NA,0,1,1,0,NA,NA
2010,2010_247,Cape Town Stadium,NA,NA,NA,NA,NA,Paraguay,Italy,NA,NA,NA,FALSE,-1,NA,NA,NA,1,0,0,1,NA,NA
2010,2010_248,Peter Mokaba Stadium,NA,NA,NA,NA,NA,Algeria,Slovenia,NA,NA,NA,FALSE,-1,NA,NA,NA,0,0,0,1,NA,NA
2010,2010_248,Peter Mokaba Stadium,NA,NA,NA,NA,NA,Slovenia,Algeria,NA,NA,NA,FALSE,-1,NA,NA,NA,0,1,0,0,NA,NA
2010,2010_249,Loftus Versfeld Stadium,NA,NA,NA,NA,NA,Serbia,Ghana,NA,NA,NA,FALSE,-1,NA,NA,NA,0,0,0,0,NA,NA
2010,2010_249,Loftus Versfeld Stadium,NA,NA,NA,NA,NA,Ghana,Serbia,NA,NA,NA,FALSE,-1,NA,NA,NA,0,0,0,0,NA,NA
2010,2010_250,Moses Mabhida Stadium,Durban,South Africa,-29.861825,31.009909,11,Germany,Australia,NA,NA,NA,FALSE,-1,NA,17,70,2,2,0,0,NA,NA
2010,2010_250,Moses Mabhida Stadium,Durban,South Africa,-29.861825,31.009909,11,Australia,Germany,NA,NA,NA,FALSE,-1,NA,17,70,0,0,2,2,NA,NA
2010,2010_251,Nelson Mandela Bay Stadium,Port Elizabeth,South Africa,-33.9618598,25.6186731,63,Korea Republic,Greece,NA,NA,NA,NA,-1,NA,14,65,1,1,0,0,NA,NA
2010,2010_251,Nelson Mandela Bay Stadium,Port Elizabeth,South Africa,-33.9618598,25.6186731,63,Greece,Korea Republic,NA,NA,NA,FALSE,-1,NA,14,65,0,0,1,1,NA,NA
2010,2010_252,Emirates Airline Park,NA,NA,NA,NA,NA,Argentina,Nigeria,NA,NA,NA,FALSE,-1,NA,NA,NA,1,0,0,0,NA,NA
2010,2010_252,Emirates Airline Park,NA,NA,NA,NA,NA,Nigeria,Argentina,NA,NA,NA,FALSE,-1,NA,NA,NA,0,0,1,0,NA,NA
2010,2010_253,Royal Bafokeng Stadium,Sun City,South Africa,-25.3487816,27.0950203,1228,England,United States,2050,NA,NA,FALSE,-1,NA,14,45,1,0,1,0,NA,NA
2010,2010_253,Royal Bafokeng Stadium,Sun City,South Africa,-25.3487816,27.0950203,1228,United States,England,NA,2050,NA,NA,-1,NA,14,45,1,0,1,0,NA,NA
2010,2010_254,Soccer City,Johannesburg,South Africa,-26.205,28.049722,1747,South Africa,Mexico,NA,NA,NA,NA,-1,NA,10,45,0,1,0,1,NA,NA
2010,2010_254,Soccer City,Johannesburg,South Africa,-26.205,28.049722,1747,Mexico,South Africa,NA,NA,NA,FALSE,-1,NA,10,45,0,1,0,1,NA,NA
2010,2010_255,Cape Town Stadium,NA,NA,NA,NA,NA,Uruguay,France,NA,NA,NA,FALSE,-1,NA,NA,NA,0,0,0,0,NA,NA
2010,2010_255,Cape Town Stadium,NA,NA,NA,NA,NA,France,Uruguay,NA,NA,NA,FALSE,-1,NA,NA,NA,0,0,0,0,NA,NA
2006,2006_256,Olympiastadion Berlin,Berlin,Germany,52.5173885,13.3951309,36,Italy,France,NA,NA,NA,FALSE,5,420.7185227549209,18.5,68,1,0,0,0,NA,NA
2006,2006_256,Olympiastadion Berlin,Berlin,Germany,52.5173885,13.3951309,36,France,Italy,NA,NA,NA,FALSE,4,503.8600818433975,18.5,68,0,0,1,0,NA,NA
2006,2006_257,Mercedes-Benz Arena,NA,NA,NA,NA,NA,Germany,Portugal,NA,NA,NA,FALSE,4,NA,NA,NA,0,2,0,1,NA,NA
2006,2006_257,Mercedes-Benz Arena,NA,NA,NA,NA,NA,Portugal,Germany,NA,NA,NA,FALSE,3,NA,NA,NA,0,1,0,2,NA,NA
2006,2006_258,Allianz Arena,Munich,Germany,48.1371079,11.5753822,523,Portugal,France,NA,NA,NA,FALSE,4,NA,18.5,68,0,0,0,0,NA,NA
2006,2006_258,Allianz Arena,Munich,Germany,48.1371079,11.5753822,523,France,Portugal,NA,NA,NA,FALSE,4,NA,18.5,68,0,0,0,0,NA,NA
2006,2006_259,Signal Iduna Park,Dortmund,Germany,51.5142273,7.4652789,95,Germany,Italy,NA,NA,NA,FALSE,4,420.7185227549209,18.5,68,0,0,0,2,NA,NA
2006,2006_259,Signal Iduna Park,Dortmund,Germany,51.5142273,7.4652789,95,Italy,Germany,NA,NA,NA,FALSE,4,NA,18.5,68,0,2,0,0,NA,NA
2006,2006_260,Veltins-Arena,NA,NA,NA,NA,NA,England,Portugal,2050,NA,NA,FALSE,6,NA,NA,NA,0,0,0,0,NA,NA
2006,2006_260,Veltins-Arena,NA,NA,NA,NA,NA,Portugal,England,NA,2050,NA,FALSE,6,NA,NA,NA,0,0,0,0,NA,NA
2006,2006_261,Commerzbank-Arena,NA,NA,NA,NA,NA,Brazil,France,NA,NA,NA,FALSE,4,NA,NA,NA,0,0,0,1,NA,NA
2006,2006_261,Commerzbank-Arena,NA,NA,NA,NA,NA,France,Brazil,NA,NA,NA,FALSE,4,NA,NA,NA,0,1,0,0,NA,NA
2006,2006_262,Olympiastadion Berlin,Berlin,Germany,52.5173885,13.3951309,36,Germany,Argentina,NA,NA,NA,FALSE,6,503.8600818433975,18.5,68,0,1,0,1,NA,NA
2006,2006_262,Olympiastadion Berlin,Berlin,Germany,52.5173885,13.3951309,36,Argentina,Germany,NA,NA,NA,FALSE,6,NA,18.5,68,0,1,0,1,NA,NA
2006,2006_263,Volksparkstadion,NA,NA,NA,NA,NA,Italy,Ukraine,NA,NA,NA,FALSE,4,NA,NA,NA,1,2,0,0,NA,NA
2006,2006_263,Volksparkstadion,NA,NA,NA,NA,NA,Ukraine,Italy,NA,NA,NA,FALSE,4,NA,NA,NA,0,0,1,2,NA,NA
2006,2006_264,Signal Iduna Park,Dortmund,Germany,51.5142273,7.4652789,95,Brazil,Ghana,NA,NA,NA,FALSE,5,0,18.5,68,2,1,0,0,NA,NA
2006,2006_264,Signal Iduna Park,Dortmund,Germany,51.5142273,7.4652789,95,Ghana,Brazil,NA,NA,NA,FALSE,5,NA,18.5,68,0,0,2,1,NA,NA
2006,2006_265,HDI-Arena,NA,NA,NA,NA,NA,Spain,France,NA,NA,NA,FALSE,4,NA,NA,NA,0,0,1,2,NA,NA
2006,2006_265,HDI-Arena,NA,NA,NA,NA,NA,France,Spain,NA,NA,NA,FALSE,4,NA,NA,NA,1,2,0,0,NA,NA
2006,2006_266,Fritz-Walter-Stadion,NA,NA,NA,NA,NA,Italy,Australia,NA,NA,NA,FALSE,4,NA,NA,NA,0,0,0,0,NA,NA
2006,2006_266,Fritz-Walter-Stadion,NA,NA,NA,NA,NA,Australia,Italy,NA,NA,NA,FALSE,4,NA,NA,NA,0,0,0,0,NA,NA
2006,2006_267,RheinEnergieSTADION,NA,NA,NA,NA,NA,Switzerland,Ukraine,NA,NA,NA,FALSE,3,NA,NA,NA,0,0,0,0,NA,NA
2006,2006_267,RheinEnergieSTADION,NA,NA,NA,NA,NA,Ukraine,Switzerland,NA,NA,NA,FALSE,3,NA,NA,NA,0,0,0,0,NA,NA
2006,2006_268,Mercedes-Benz Arena,NA,NA,NA,NA,NA,England,Ecuador,2050,NA,NA,FALSE,5,NA,NA,NA,0,1,0,0,NA,NA
2006,2006_268,Mercedes-Benz Arena,NA,NA,NA,NA,NA,Ecuador,England,NA,2050,NA,FALSE,5,NA,NA,NA,0,0,0,1,NA,NA
2006,2006_269,Max-Morlock-Stadion,NA,NA,NA,NA,NA,Portugal,Netherlands,NA,NA,NA,FALSE,4,NA,NA,NA,1,0,0,0,NA,NA
2006,2006_269,Max-Morlock-Stadion,NA,NA,NA,NA,NA,Netherlands,Portugal,NA,NA,NA,FALSE,4,NA,NA,NA,0,0,1,0,NA,NA
2006,2006_270,Allianz Arena,Munich,Germany,48.1371079,11.5753822,523,Germany,Sweden,NA,NA,NA,FALSE,4,503.8600818433975,18.5,68,2,0,0,0,NA,NA
2006,2006_270,Allianz Arena,Munich,Germany,48.1371079,11.5753822,523,Sweden,Germany,NA,NA,NA,FALSE,4,NA,18.5,68,0,0,2,0,NA,NA
2006,2006_271,Red Bull Arena,NA,NA,NA,NA,NA,Argentina,Mexico,NA,NA,NA,FALSE,3,NA,NA,NA,1,0,1,0,NA,NA
2006,2006_271,Red Bull Arena,NA,NA,NA,NA,NA,Mexico,Argentina,NA,NA,NA,FALSE,3,NA,NA,NA,1,0,1,0,NA,NA
2006,2006_272,Fritz-Walter-Stadion,NA,NA,NA,NA,NA,Saudi Arabia,Spain,NA,NA,NA,NA,4,NA,NA,NA,0,0,1,0,NA,NA
2006,2006_272,Fritz-Walter-Stadion,NA,NA,NA,NA,NA,Spain,Saudi Arabia,NA,NA,NA,FALSE,4,NA,NA,NA,1,0,0,0,NA,NA
2006,2006_273,Olympiastadion Berlin,Berlin,Germany,52.5173885,13.3951309,36,Ukraine,Tunisia,NA,NA,NA,FALSE,4,NA,18.5,68,0,0,0,0,NA,NA
2006,2006_273,Olympiastadion Berlin,Berlin,Germany,52.5173885,13.3951309,36,Tunisia,Ukraine,NA,NA,NA,FALSE,4,NA,18.5,68,0,0,0,0,NA,NA
2006,2006_274,RheinEnergieSTADION,NA,NA,NA,NA,NA,Togo,France,NA,NA,NA,FALSE,4,NA,NA,NA,0,0,0,2,NA,NA
2006,2006_274,RheinEnergieSTADION,NA,NA,NA,NA,NA,France,Togo,NA,NA,NA,FALSE,5,NA,NA,NA,0,2,0,0,NA,NA
2006,2006_275,HDI-Arena,NA,NA,NA,NA,NA,Switzerland,Korea Republic,NA,NA,NA,FALSE,4,NA,NA,NA,1,1,0,0,NA,NA
2006,2006_275,HDI-Arena,NA,NA,NA,NA,NA,Korea Republic,Switzerland,NA,NA,NA,NA,5,NA,NA,NA,0,0,1,1,NA,NA
2006,2006_276,Max-Morlock-Stadion,NA,NA,NA,NA,NA,Ghana,United States,NA,NA,NA,FALSE,5,NA,NA,NA,1,0,1,0,NA,NA
2006,2006_276,Max-Morlock-Stadion,NA,NA,NA,NA,NA,United States,Ghana,NA,NA,NA,NA,5,NA,NA,NA,1,0,1,0,NA,NA
2006,2006_277,Volksparkstadion,NA,NA,NA,NA,NA,Czech Republic,Italy,NA,NA,NA,NA,5,NA,NA,NA,0,0,1,1,NA,NA
2006,2006_277,Volksparkstadion,NA,NA,NA,NA,NA,Italy,Czech Republic,NA,NA,NA,FALSE,5,NA,NA,NA,1,1,0,0,NA,NA
2006,2006_278,Signal Iduna Park,Dortmund,Germany,51.5142273,7.4652789,95,Japan,Brazil,NA,NA,NA,FALSE,4,NA,18.5,68,1,0,1,3,NA,NA
2006,2006_278,Signal Iduna Park,Dortmund,Germany,51.5142273,7.4652789,95,Brazil,Japan,NA,NA,NA,FALSE,4,477.270821964756,18.5,68,1,3,1,0,NA,NA
2006,2006_279,Mercedes-Benz Arena,NA,NA,NA,NA,NA,Croatia,Australia,NA,NA,NA,FALSE,4,NA,NA,NA,1,1,0,1,NA,NA
2006,2006_279,Mercedes-Benz Arena,NA,NA,NA,NA,NA,Australia,Croatia,NA,NA,NA,FALSE,4,NA,NA,NA,0,1,1,1,NA,NA
2006,2006_280,Veltins-Arena,NA,NA,NA,NA,NA,Portugal,Mexico,NA,NA,NA,FALSE,4,NA,NA,NA,1,0,1,0,NA,NA
2006,2006_280,Veltins-Arena,NA,NA,NA,NA,NA,Mexico,Portugal,NA,NA,NA,FALSE,5,NA,NA,NA,1,0,1,0,NA,NA
2006,2006_281,Red Bull Arena,NA,NA,NA,NA,NA,IR Iran,Angola,NA,NA,NA,NA,4,NA,NA,NA,0,1,0,1,NA,NA
2006,2006_281,Red Bull Arena,NA,NA,NA,NA,NA,Angola,IR Iran,NA,NA,NA,FALSE,5,NA,NA,NA,0,1,0,1,NA,NA
2006,2006_282,Allianz Arena,Munich,Germany,48.1371079,11.5753822,523,Côte d'Ivoire,Serbia and Montenegro,NA,NA,NA,NA,5,NA,18.5,68,0,1,3,0,NA,NA
2006,2006_282,Allianz Arena,Munich,Germany,48.1371079,11.5753822,523,Serbia and Montenegro,Côte d'Ivoire,NA,NA,NA,NA,5,NA,18.5,68,3,0,0,1,NA,NA
2006,2006_283,Commerzbank-Arena,NA,NA,NA,NA,NA,Netherlands,Argentina,NA,NA,NA,FALSE,5,NA,NA,NA,0,0,0,0,NA,NA
2006,2006_283,Commerzbank-Arena,NA,NA,NA,NA,NA,Argentina,Netherlands,NA,NA,NA,FALSE,5,NA,NA,NA,0,0,0,0,NA,NA
2006,2006_284,HDI-Arena,NA,NA,NA,NA,NA,Costa Rica,Poland,NA,NA,NA,NA,5,NA,NA,NA,1,0,1,1,NA,NA
2006,2006_284,HDI-Arena,NA,NA,NA,NA,NA,Poland,Costa Rica,NA,NA,NA,FALSE,6,NA,NA,NA,1,1,1,0,NA,NA
2006,2006_285,Olympiastadion Berlin,Berlin,Germany,52.5173885,13.3951309,36,Ecuador,Germany,NA,NA,NA,FALSE,5,NA,18.5,68,0,0,2,1,NA,NA
2006,2006_285,Olympiastadion Berlin,Berlin,Germany,52.5173885,13.3951309,36,Germany,Ecuador,NA,NA,NA,FALSE,6,420.7185227549209,18.5,68,2,1,0,0,NA,NA
2006,2006_286,Fritz-Walter-Stadion,NA,NA,NA,NA,NA,Paraguay,Trinidad and Tobago,NA,NA,NA,FALSE,5,NA,NA,NA,0,1,0,0,NA,NA
2006,2006_286,Fritz-Walter-Stadion,NA,NA,NA,NA,NA,Trinidad and Tobago,Paraguay,NA,NA,NA,NA,5,NA,NA,NA,0,0,0,1,NA,NA
2006,2006_287,RheinEnergieSTADION,NA,NA,NA,NA,NA,Sweden,England,NA,2050,NA,FALSE,5,NA,NA,NA,0,2,1,1,NA,NA
2006,2006_287,RheinEnergieSTADION,NA,NA,NA,NA,NA,England,Sweden,2050,NA,NA,FALSE,5,NA,NA,NA,1,1,0,2,NA,NA
2006,2006_288,Signal Iduna Park,Dortmund,Germany,51.5142273,7.4652789,95,Togo,Switzerland,NA,NA,NA,FALSE,6,NA,18.5,68,0,0,1,1,NA,NA
2006,2006_288,Signal Iduna Park,Dortmund,Germany,51.5142273,7.4652789,95,Switzerland,Togo,NA,NA,NA,FALSE,6,NA,18.5,68,1,1,0,0,NA,NA
2006,2006_289,Volksparkstadion,NA,NA,NA,NA,NA,Saudi Arabia,Ukraine,NA,NA,NA,NA,5,NA,NA,NA,0,0,2,2,NA,NA
2006,2006_289,Volksparkstadion,NA,NA,NA,NA,NA,Ukraine,Saudi Arabia,NA,NA,NA,FALSE,5,NA,NA,NA,2,2,0,0,NA,NA
2006,2006_290,Mercedes-Benz Arena,NA,NA,NA,NA,NA,Spain,Tunisia,NA,NA,NA,FALSE,5,NA,NA,NA,0,2,1,0,NA,NA
2006,2006_290,Mercedes-Benz Arena,NA,NA,NA,NA,NA,Tunisia,Spain,NA,NA,NA,FALSE,5,NA,NA,NA,1,0,0,2,NA,NA
2006,2006_291,Max-Morlock-Stadion,NA,NA,NA,NA,NA,Japan,Croatia,NA,NA,NA,FALSE,6,NA,NA,NA,0,0,0,0,NA,NA
2006,2006_291,Max-Morlock-Stadion,NA,NA,NA,NA,NA,Croatia,Japan,NA,NA,NA,FALSE,5,NA,NA,NA,0,0,0,0,NA,NA
2006,2006_292,Allianz Arena,Munich,Germany,48.1371079,11.5753822,523,Brazil,Australia,NA,NA,NA,FALSE,5,503.8600818433975,18.5,68,0,2,0,0,NA,NA
2006,2006_292,Allianz Arena,Munich,Germany,48.1371079,11.5753822,523,Australia,Brazil,NA,NA,NA,FALSE,6,NA,18.5,68,0,0,0,2,NA,NA
2006,2006_293,Red Bull Arena,NA,NA,NA,NA,NA,France,Korea Republic,NA,NA,NA,FALSE,5,NA,NA,NA,1,0,0,1,NA,NA
2006,2006_293,Red Bull Arena,NA,NA,NA,NA,NA,Korea Republic,France,NA,NA,NA,NA,5,NA,NA,NA,0,1,1,0,NA,NA
2006,2006_294,Commerzbank-Arena,NA,NA,NA,NA,NA,Portugal,IR Iran,NA,NA,NA,FALSE,6,NA,NA,NA,0,1,0,0,NA,NA
2006,2006_294,Commerzbank-Arena,NA,NA,NA,NA,NA,IR Iran,Portugal,NA,NA,NA,NA,6,NA,NA,NA,0,0,0,1,NA,NA
2006,2006_295,RheinEnergieSTADION,NA,NA,NA,NA,NA,Czech Republic,Ghana,NA,NA,NA,NA,5,NA,NA,NA,0,0,1,1,NA,NA
2006,2006_295,RheinEnergieSTADION,NA,NA,NA,NA,NA,Ghana,Czech Republic,NA,NA,NA,FALSE,5,NA,NA,NA,1,1,0,0,NA,NA
2006,2006_296,Fritz-Walter-Stadion,NA,NA,NA,NA,NA,Italy,United States,NA,NA,NA,FALSE,5,NA,NA,NA,1,0,0,0,NA,NA
2006,2006_296,Fritz-Walter-Stadion,NA,NA,NA,NA,NA,United States,Italy,NA,NA,NA,NA,5,NA,NA,NA,0,0,1,0,NA,NA
2006,2006_297,Veltins-Arena,NA,NA,NA,NA,NA,Argentina,Serbia and Montenegro,NA,NA,NA,FALSE,6,NA,NA,NA,3,3,0,0,NA,NA
2006,2006_297,Veltins-Arena,NA,NA,NA,NA,NA,Serbia and Montenegro,Argentina,NA,NA,NA,NA,5,NA,NA,NA,0,0,3,3,NA,NA
2006,2006_298,Mercedes-Benz Arena,NA,NA,NA,NA,NA,Netherlands,Côte d'Ivoire,NA,NA,NA,FALSE,5,NA,NA,NA,2,0,1,0,NA,NA
2006,2006_298,Mercedes-Benz Arena,NA,NA,NA,NA,NA,Côte d'Ivoire,Netherlands,NA,NA,NA,NA,6,NA,NA,NA,1,0,2,0,NA,NA
2006,2006_299,HDI-Arena,NA,NA,NA,NA,NA,Mexico,Angola,NA,NA,NA,FALSE,5,NA,NA,NA,0,0,0,0,NA,NA
2006,2006_299,HDI-Arena,NA,NA,NA,NA,NA,Angola,Mexico,NA,NA,NA,FALSE,5,NA,NA,NA,0,0,0,0,NA,NA
2006,2006_300,Veltins-Arena,NA,NA,NA,NA,NA,Ecuador,Costa Rica,NA,NA,NA,FALSE,6,NA,NA,NA,1,2,0,0,NA,NA
2006,2006_300,Veltins-Arena,NA,NA,NA,NA,NA,Costa Rica,Ecuador,NA,NA,NA,NA,6,NA,NA,NA,0,0,1,2,NA,NA
2006,2006_301,Max-Morlock-Stadion,NA,NA,NA,NA,NA,England,Trinidad and Tobago,2050,NA,NA,FALSE,5,NA,NA,NA,0,2,0,0,NA,NA
2006,2006_301,Max-Morlock-Stadion,NA,NA,NA,NA,NA,Trinidad and Tobago,England,NA,2050,NA,NA,5,NA,NA,NA,0,0,0,2,NA,NA
2006,2006_302,Olympiastadion Berlin,Berlin,Germany,52.5173885,13.3951309,36,Sweden,Paraguay,NA,NA,NA,FALSE,5,420.7185227549209,18.5,68,0,1,0,0,NA,NA
2006,2006_302,Olympiastadion Berlin,Berlin,Germany,52.5173885,13.3951309,36,Paraguay,Sweden,NA,NA,NA,FALSE,5,NA,18.5,68,0,0,0,1,NA,NA
2006,2006_303,Red Bull Arena,NA,NA,NA,NA,NA,Spain,Ukraine,NA,NA,NA,FALSE,-1,NA,NA,NA,2,1,0,0,NA,NA
2006,2006_303,Red Bull Arena,NA,NA,NA,NA,NA,Ukraine,Spain,NA,NA,NA,FALSE,-1,NA,NA,NA,0,0,2,1,NA,NA
2006,2006_304,Allianz Arena,Munich,Germany,48.1371079,11.5753822,523,Tunisia,Saudi Arabia,NA,NA,NA,FALSE,-1,NA,18.5,68,1,1,0,2,NA,NA
2006,2006_304,Allianz Arena,Munich,Germany,48.1371079,11.5753822,523,Saudi Arabia,Tunisia,NA,NA,NA,NA,-1,NA,18.5,68,0,2,1,1,NA,NA
2006,2006_305,Signal Iduna Park,Dortmund,Germany,51.5142273,7.4652789,95,Germany,Poland,NA,NA,NA,FALSE,5,477.270821964756,18.5,68,0,1,0,0,NA,NA
2006,2006_305,Signal Iduna Park,Dortmund,Germany,51.5142273,7.4652789,95,Poland,Germany,NA,NA,NA,FALSE,5,NA,18.5,68,0,0,0,1,NA,NA
2006,2006_306,Commerzbank-Arena,NA,NA,NA,NA,NA,Korea Republic,Togo,NA,NA,NA,NA,-1,NA,NA,NA,0,2,1,0,NA,NA
2006,2006_306,Commerzbank-Arena,NA,NA,NA,NA,NA,Togo,Korea Republic,NA,NA,NA,FALSE,-1,NA,NA,NA,1,0,0,2,NA,NA
2006,2006_307,Mercedes-Benz Arena,NA,NA,NA,NA,NA,France,Switzerland,NA,NA,NA,FALSE,-1,NA,NA,NA,0,0,0,0,NA,NA
2006,2006_307,Mercedes-Benz Arena,NA,NA,NA,NA,NA,Switzerland,France,NA,NA,NA,FALSE,-1,NA,NA,NA,0,0,0,0,NA,NA
2006,2006_308,Olympiastadion Berlin,Berlin,Germany,52.5173885,13.3951309,36,Brazil,Croatia,NA,NA,NA,FALSE,-1,NA,18.5,68,1,0,0,0,NA,NA
2006,2006_308,Olympiastadion Berlin,Berlin,Germany,52.5173885,13.3951309,36,Croatia,Brazil,NA,NA,NA,FALSE,-1,NA,18.5,68,0,0,1,0,NA,NA
2006,2006_309,Fritz-Walter-Stadion,NA,NA,NA,NA,NA,Australia,Japan,NA,NA,NA,FALSE,-1,NA,NA,NA,0,3,1,0,NA,NA
2006,2006_309,Fritz-Walter-Stadion,NA,NA,NA,NA,NA,Japan,Australia,NA,NA,NA,FALSE,-1,NA,NA,NA,1,0,0,3,NA,NA
2006,2006_310,Veltins-Arena,NA,NA,NA,NA,NA,United States,Czech Republic,NA,NA,NA,NA,-1,NA,NA,NA,0,0,2,1,NA,NA
2006,2006_310,Veltins-Arena,NA,NA,NA,NA,NA,Czech Republic,United States,NA,NA,NA,NA,-1,NA,NA,NA,2,1,0,0,NA,NA
2006,2006_311,HDI-Arena,NA,NA,NA,NA,NA,Italy,Ghana,NA,NA,NA,FALSE,-1,NA,NA,NA,1,1,0,0,NA,NA
2006,2006_311,HDI-Arena,NA,NA,NA,NA,NA,Ghana,Italy,NA,NA,NA,FALSE,-1,NA,NA,NA,0,0,1,1,NA,NA
2006,2006_312,Red Bull Arena,NA,NA,NA,NA,NA,Serbia and Montenegro,Netherlands,NA,NA,NA,NA,-1,NA,NA,NA,0,0,1,0,NA,NA
2006,2006_312,Red Bull Arena,NA,NA,NA,NA,NA,Netherlands,Serbia and Montenegro,NA,NA,NA,FALSE,-1,NA,NA,NA,1,0,0,0,NA,NA
2006,2006_313,Max-Morlock-Stadion,NA,NA,NA,NA,NA,Mexico,IR Iran,NA,NA,NA,FALSE,-1,NA,NA,NA,1,2,1,0,NA,NA
2006,2006_313,Max-Morlock-Stadion,NA,NA,NA,NA,NA,IR Iran,Mexico,NA,NA,NA,NA,-1,NA,NA,NA,1,0,1,2,NA,NA
2006,2006_314,RheinEnergieSTADION,NA,NA,NA,NA,NA,Angola,Portugal,NA,NA,NA,FALSE,-1,NA,NA,NA,0,0,1,0,NA,NA
2006,2006_314,RheinEnergieSTADION,NA,NA,NA,NA,NA,Portugal,Angola,NA,NA,NA,FALSE,-1,NA,NA,NA,1,0,0,0,NA,NA
2006,2006_315,Commerzbank-Arena,NA,NA,NA,NA,NA,England,Paraguay,2050,NA,NA,FALSE,-1,NA,NA,NA,0,0,0,0,NA,NA
2006,2006_315,Commerzbank-Arena,NA,NA,NA,NA,NA,Paraguay,England,NA,2050,NA,FALSE,-1,NA,NA,NA,0,0,0,0,NA,NA
2006,2006_316,Signal Iduna Park,Dortmund,Germany,51.5142273,7.4652789,95,Trinidad and Tobago,Sweden,NA,NA,NA,NA,-1,NA,18.5,68,0,0,0,0,NA,NA
2006,2006_316,Signal Iduna Park,Dortmund,Germany,51.5142273,7.4652789,95,Sweden,Trinidad and Tobago,NA,NA,NA,FALSE,-1,NA,18.5,68,0,0,0,0,NA,NA
2006,2006_317,Volksparkstadion,NA,NA,NA,NA,NA,Argentina,Côte d'Ivoire,NA,NA,NA,FALSE,-1,NA,NA,NA,2,0,0,1,NA,NA
2006,2006_317,Volksparkstadion,NA,NA,NA,NA,NA,Côte d'Ivoire,Argentina,NA,NA,NA,NA,-1,NA,NA,NA,0,1,2,0,NA,NA
2006,2006_318,Allianz Arena,Munich,Germany,48.1371079,11.5753822,523,Germany,Costa Rica,NA,NA,NA,FALSE,-1,NA,18.5,68,2,2,1,1,NA,NA
2006,2006_318,Allianz Arena,Munich,Germany,48.1371079,11.5753822,523,Costa Rica,Germany,NA,NA,NA,NA,-1,NA,18.5,68,1,1,2,2,NA,NA
2006,2006_319,Veltins-Arena,NA,NA,NA,NA,NA,Poland,Ecuador,NA,NA,NA,FALSE,-1,NA,NA,NA,0,0,1,1,NA,NA
2006,2006_319,Veltins-Arena,NA,NA,NA,NA,NA,Ecuador,Poland,NA,NA,NA,FALSE,-1,NA,NA,NA,1,1,0,0,NA,NA
2002,2002_320,Nissan Stadium,NA,NA,NA,NA,NA,Germany,Brazil,NA,NA,NA,FALSE,5,NA,NA,NA,0,0,0,2,NA,NA
2002,2002_320,Nissan Stadium,NA,NA,NA,NA,NA,Brazil,Germany,NA,NA,NA,FALSE,4,NA,NA,NA,0,2,0,0,NA,NA
2002,2002_321,Daegu Main Stadium,NA,NA,NA,NA,NA,Korea Republic,Türkiye,NA,NA,NA,NA,4,NA,NA,NA,1,1,3,0,NA,NA
2002,2002_321,Daegu Main Stadium,NA,NA,NA,NA,NA,Türkiye,Korea Republic,NA,NA,NA,NA,3,NA,NA,NA,3,0,1,1,NA,NA
2002,2002_322,Saitama Stadium 2002,NA,NA,NA,NA,NA,Brazil,Türkiye,NA,NA,NA,FALSE,5,NA,NA,NA,0,1,0,0,NA,NA
2002,2002_322,Saitama Stadium 2002,NA,NA,NA,NA,NA,Türkiye,Brazil,NA,NA,NA,NA,4,NA,NA,NA,0,0,0,1,NA,NA
2002,2002_323,Seoul World Cup Stadium,Seoul,South Korea,37.5666791,126.9782914,66,Germany,Korea Republic,NA,NA,NA,FALSE,4,NA,24,75,0,1,0,0,NA,NA
2002,2002_323,Seoul World Cup Stadium,Seoul,South Korea,37.5666791,126.9782914,66,Korea Republic,Germany,NA,NA,NA,NA,3,NA,24,75,0,0,0,1,NA,NA
2002,2002_324,Guus Hiddink Stadium,NA,NA,NA,NA,NA,Spain,Korea Republic,NA,NA,NA,FALSE,6,NA,NA,NA,0,0,0,0,NA,NA
2002,2002_324,Guus Hiddink Stadium,NA,NA,NA,NA,NA,Korea Republic,Spain,NA,NA,NA,NA,4,NA,NA,NA,0,0,0,0,NA,NA
2002,2002_325,Yanmar Stadium Nagai,NA,NA,NA,NA,NA,Senegal,Türkiye,NA,NA,NA,FALSE,6,NA,NA,NA,0,0,0,1,NA,NA
2002,2002_325,Yanmar Stadium Nagai,NA,NA,NA,NA,NA,Türkiye,Senegal,NA,NA,NA,NA,4,NA,NA,NA,0,1,0,0,NA,NA
2002,2002_326,Daejeon World Cup Stadium,NA,NA,NA,NA,NA,England,Brazil,2050,NA,NA,FALSE,6,NA,NA,NA,1,0,1,1,NA,NA
2002,2002_326,Daejeon World Cup Stadium,NA,NA,NA,NA,NA,Brazil,England,NA,2050,NA,FALSE,4,NA,NA,NA,1,1,1,0,NA,NA
2002,2002_327,Munsu Cup Stadium,NA,NA,NA,NA,NA,Germany,United States,NA,NA,NA,FALSE,6,NA,NA,NA,1,0,0,0,NA,NA
2002,2002_327,Munsu Cup Stadium,NA,NA,NA,NA,NA,United States,Germany,NA,NA,NA,NA,4,NA,NA,NA,0,0,1,0,NA,NA
2002,2002_328,Miyagi Stadium,NA,NA,NA,NA,NA,Japan,Türkiye,NA,NA,NA,FALSE,4,NA,NA,NA,0,0,1,0,NA,NA
2002,2002_328,Miyagi Stadium,NA,NA,NA,NA,NA,Türkiye,Japan,NA,NA,NA,NA,5,NA,NA,NA,1,0,0,0,NA,NA
2002,2002_329,Daejeon World Cup Stadium,NA,NA,NA,NA,NA,Korea Republic,Italy,NA,NA,NA,NA,4,NA,NA,NA,0,2,1,0,NA,NA
2002,2002_329,Daejeon World Cup Stadium,NA,NA,NA,NA,NA,Italy,Korea Republic,NA,NA,NA,FALSE,5,NA,NA,NA,1,0,0,2,NA,NA
2002,2002_330,Jeonju World Cup Stadium,Jeonju,South Korea,35.8237631,127.1472805,52,Mexico,United States,NA,NA,NA,FALSE,4,NA,24,75,0,0,1,1,NA,NA
2002,2002_330,Jeonju World Cup Stadium,Jeonju,South Korea,35.8237631,127.1472805,52,United States,Mexico,NA,NA,NA,NA,3,NA,24,75,1,1,0,0,NA,NA
2002,2002_331,NOEVIR Stadium Kobe,NA,NA,NA,NA,NA,Brazil,Belgium,NA,NA,NA,FALSE,4,NA,NA,NA,0,2,0,0,NA,NA
2002,2002_331,NOEVIR Stadium Kobe,NA,NA,NA,NA,NA,Belgium,Brazil,NA,NA,NA,FALSE,3,NA,NA,NA,0,0,0,2,NA,NA
2002,2002_332,Ōita Bank Dome,NA,NA,NA,NA,NA,Sweden,Senegal,NA,NA,NA,FALSE,4,NA,NA,NA,1,0,1,1,NA,NA
2002,2002_332,Ōita Bank Dome,NA,NA,NA,NA,NA,Senegal,Sweden,NA,NA,NA,FALSE,5,NA,NA,NA,1,1,1,0,NA,NA
2002,2002_333,Suwon World Cup Stadium,Suwon,South Korea,37.2633325,127.0287472,48,Spain,Republic of Ireland,NA,NA,NA,FALSE,4,NA,24,75,1,0,0,0,NA,NA
2002,2002_333,Suwon World Cup Stadium,Suwon,South Korea,37.2633325,127.0287472,48,Republic of Ireland,Spain,NA,NA,NA,NA,5,NA,24,75,0,0,1,0,NA,NA
2002,2002_334,Jeju World Cup Stadium,NA,NA,NA,NA,NA,Germany,Paraguay,NA,NA,NA,FALSE,4,NA,NA,NA,0,1,0,0,NA,NA
2002,2002_334,Jeju World Cup Stadium,NA,NA,NA,NA,NA,Paraguay,Germany,NA,NA,NA,FALSE,3,NA,NA,NA,0,0,0,1,NA,NA
2002,2002_335,Denka Big Swan Stadium,NA,NA,NA,NA,NA,Denmark,England,NA,2050,NA,FALSE,4,NA,NA,NA,0,0,3,0,NA,NA
2002,2002_335,Denka Big Swan Stadium,NA,NA,NA,NA,NA,England,Denmark,2050,NA,NA,FALSE,3,NA,NA,NA,3,0,0,0,NA,NA
2002,2002_336,Yanmar Stadium Nagai,NA,NA,NA,NA,NA,Tunisia,Japan,NA,NA,NA,FALSE,4,NA,NA,NA,0,0,0,2,NA,NA
2002,2002_336,Yanmar Stadium Nagai,NA,NA,NA,NA,NA,Japan,Tunisia,NA,NA,NA,FALSE,5,NA,NA,NA,0,2,0,0,NA,NA
2002,2002_337,Shizuoka Stadium Ecopa,NA,NA,NA,NA,NA,Belgium,Russia,NA,NA,NA,FALSE,4,NA,NA,NA,1,2,0,2,NA,NA
2002,2002_337,Shizuoka Stadium Ecopa,NA,NA,NA,NA,NA,Russia,Belgium,NA,NA,NA,FALSE,5,NA,NA,NA,0,2,1,2,NA,NA
2002,2002_338,Incheon Munhak Stadium,NA,NA,NA,NA,NA,Portugal,Korea Republic,NA,NA,NA,FALSE,4,NA,NA,NA,0,0,0,1,NA,NA
2002,2002_338,Incheon Munhak Stadium,NA,NA,NA,NA,NA,Korea Republic,Portugal,NA,NA,NA,NA,4,NA,NA,NA,0,1,0,0,NA,NA
2002,2002_339,Daejeon World Cup Stadium,NA,NA,NA,NA,NA,Poland,United States,NA,NA,NA,FALSE,4,NA,NA,NA,2,1,0,1,NA,NA
2002,2002_339,Daejeon World Cup Stadium,NA,NA,NA,NA,NA,United States,Poland,NA,NA,NA,NA,4,NA,NA,NA,0,1,2,1,NA,NA
2002,2002_340,Suwon World Cup Stadium,Suwon,South Korea,37.2633325,127.0287472,48,Costa Rica,Brazil,NA,NA,NA,NA,4,NA,24,75,1,1,3,2,NA,NA
2002,2002_340,Suwon World Cup Stadium,Suwon,South Korea,37.2633325,127.0287472,48,Brazil,Costa Rica,NA,NA,NA,FALSE,5,NA,24,75,3,2,1,1,NA,NA
2002,2002_341,Seoul World Cup Stadium,Seoul,South Korea,37.5666791,126.9782914,66,Türkiye,China PR,NA,NA,NA,NA,4,NA,24,75,2,1,0,0,NA,NA
2002,2002_341,Seoul World Cup Stadium,Seoul,South Korea,37.5666791,126.9782914,66,China PR,Türkiye,NA,NA,NA,NA,5,NA,24,75,0,0,2,1,NA,NA
2002,2002_342,Ōita Bank Dome,NA,NA,NA,NA,NA,Mexico,Italy,NA,NA,NA,FALSE,4,NA,NA,NA,1,0,0,1,NA,NA
2002,2002_342,Ōita Bank Dome,NA,NA,NA,NA,NA,Italy,Mexico,NA,NA,NA,FALSE,5,NA,NA,NA,0,1,1,0,NA,NA
2002,2002_343,Nissan Stadium,NA,NA,NA,NA,NA,Ecuador,Croatia,NA,NA,NA,FALSE,4,NA,NA,NA,0,1,0,0,NA,NA
2002,2002_343,Nissan Stadium,NA,NA,NA,NA,NA,Croatia,Ecuador,NA,NA,NA,FALSE,5,NA,NA,NA,0,0,0,1,NA,NA
2002,2002_344,Miyagi Stadium,NA,NA,NA,NA,NA,Sweden,Argentina,NA,NA,NA,FALSE,5,NA,NA,NA,0,1,0,1,NA,NA
2002,2002_344,Miyagi Stadium,NA,NA,NA,NA,NA,Argentina,Sweden,NA,NA,NA,FALSE,5,NA,NA,NA,0,1,0,1,NA,NA
2002,2002_345,Yanmar Stadium Nagai,NA,NA,NA,NA,NA,Nigeria,England,NA,2050,NA,FALSE,5,NA,NA,NA,0,0,0,0,NA,NA
2002,2002_345,Yanmar Stadium Nagai,NA,NA,NA,NA,NA,England,Nigeria,2050,NA,NA,FALSE,5,NA,NA,NA,0,0,0,0,NA,NA
2002,2002_346,Daejeon World Cup Stadium,NA,NA,NA,NA,NA,South Africa,Spain,NA,NA,NA,NA,4,NA,NA,NA,1,1,2,1,NA,NA
2002,2002_346,Daejeon World Cup Stadium,NA,NA,NA,NA,NA,Spain,South Africa,NA,NA,NA,FALSE,5,NA,NA,NA,2,1,1,1,NA,NA
2002,2002_347,Jeju World Cup Stadium,NA,NA,NA,NA,NA,Slovenia,Paraguay,NA,NA,NA,FALSE,4,NA,NA,NA,1,0,0,3,NA,NA
2002,2002_347,Jeju World Cup Stadium,NA,NA,NA,NA,NA,Paraguay,Slovenia,NA,NA,NA,FALSE,5,NA,NA,NA,0,3,1,0,NA,NA
2002,2002_348,Incheon Munhak Stadium,NA,NA,NA,NA,NA,Denmark,France,NA,NA,NA,FALSE,5,NA,NA,NA,1,1,0,0,NA,NA
2002,2002_348,Incheon Munhak Stadium,NA,NA,NA,NA,NA,France,Denmark,NA,NA,NA,FALSE,5,NA,NA,NA,0,0,1,1,NA,NA
2002,2002_349,Suwon World Cup Stadium,Suwon,South Korea,37.2633325,127.0287472,48,Senegal,Uruguay,NA,NA,NA,FALSE,5,NA,24,75,3,0,0,2,NA,NA
2002,2002_349,Suwon World Cup Stadium,Suwon,South Korea,37.2633325,127.0287472,48,Uruguay,Senegal,NA,NA,NA,FALSE,5,NA,24,75,0,2,3,0,NA,NA
2002,2002_350,Nissan Stadium,NA,NA,NA,NA,NA,Saudi Arabia,Republic of Ireland,NA,NA,NA,NA,5,NA,NA,NA,0,0,1,2,NA,NA
2002,2002_350,Nissan Stadium,NA,NA,NA,NA,NA,Republic of Ireland,Saudi Arabia,NA,NA,NA,NA,6,NA,NA,NA,1,2,0,0,NA,NA
2002,2002_351,Shizuoka Stadium Ecopa,NA,NA,NA,NA,NA,Cameroon,Germany,NA,NA,NA,FALSE,5,NA,NA,NA,0,0,0,2,NA,NA
2002,2002_351,Shizuoka Stadium Ecopa,NA,NA,NA,NA,NA,Germany,Cameroon,NA,NA,NA,FALSE,6,NA,NA,NA,0,2,0,0,NA,NA
2002,2002_352,Daegu Main Stadium,NA,NA,NA,NA,NA,Korea Republic,United States,NA,NA,NA,NA,6,NA,NA,NA,0,1,1,0,NA,NA
2002,2002_352,Daegu Main Stadium,NA,NA,NA,NA,NA,United States,Korea Republic,NA,NA,NA,NA,5,NA,NA,NA,1,0,0,1,NA,NA
2002,2002_353,Ōita Bank Dome,NA,NA,NA,NA,NA,Tunisia,Belgium,NA,NA,NA,FALSE,5,NA,NA,NA,1,0,1,0,NA,NA
2002,2002_353,Ōita Bank Dome,NA,NA,NA,NA,NA,Belgium,Tunisia,NA,NA,NA,FALSE,6,NA,NA,NA,1,0,1,0,NA,NA
2002,2002_354,Jeonju World Cup Stadium,Jeonju,South Korea,35.8237631,127.1472805,52,Portugal,Poland,NA,NA,NA,FALSE,5,160.42262755200363,24,75,1,3,0,0,NA,NA
2002,2002_354,Jeonju World Cup Stadium,Jeonju,South Korea,35.8237631,127.1472805,52,Poland,Portugal,NA,NA,NA,FALSE,6,NA,24,75,0,0,1,3,NA,NA
2002,2002_355,Sapporo Dome,NA,NA,NA,NA,NA,Mexico,Ecuador,NA,NA,NA,FALSE,6,NA,NA,NA,1,1,1,0,NA,NA
2002,2002_355,Sapporo Dome,NA,NA,NA,NA,NA,Ecuador,Mexico,NA,NA,NA,FALSE,6,NA,NA,NA,1,0,1,1,NA,NA
2002,2002_356,Incheon Munhak Stadium,NA,NA,NA,NA,NA,Costa Rica,Türkiye,NA,NA,NA,NA,5,NA,NA,NA,0,1,0,1,NA,NA
2002,2002_356,Incheon Munhak Stadium,NA,NA,NA,NA,NA,Türkiye,Costa Rica,NA,NA,NA,NA,6,NA,NA,NA,0,1,0,1,NA,NA
2002,2002_357,Nissan Stadium,NA,NA,NA,NA,NA,Japan,Russia,NA,NA,NA,FALSE,5,NA,NA,NA,0,1,0,0,NA,NA
2002,2002_357,Nissan Stadium,NA,NA,NA,NA,NA,Russia,Japan,NA,NA,NA,FALSE,4,NA,NA,NA,0,0,0,1,NA,NA
2002,2002_358,Daegu Main Stadium,NA,NA,NA,NA,NA,South Africa,Slovenia,NA,NA,NA,NA,6,NA,NA,NA,1,0,0,0,NA,NA
2002,2002_358,Daegu Main Stadium,NA,NA,NA,NA,NA,Slovenia,South Africa,NA,NA,NA,FALSE,6,NA,NA,NA,0,0,1,0,NA,NA
2002,2002_359,Kashima Soccer Stadium,NA,NA,NA,NA,NA,Italy,Croatia,NA,NA,NA,FALSE,5,NA,NA,NA,0,1,0,2,NA,NA
2002,2002_359,Kashima Soccer Stadium,NA,NA,NA,NA,NA,Croatia,Italy,NA,NA,NA,FALSE,5,NA,NA,NA,0,2,0,1,NA,NA
2002,2002_360,Jeju World Cup Stadium,NA,NA,NA,NA,NA,Brazil,China PR,NA,NA,NA,FALSE,5,NA,NA,NA,2,1,0,0,NA,NA
2002,2002_360,Jeju World Cup Stadium,NA,NA,NA,NA,NA,China PR,Brazil,NA,NA,NA,NA,4,NA,NA,NA,0,0,2,1,NA,NA
2002,2002_361,NOEVIR Stadium Kobe,NA,NA,NA,NA,NA,Sweden,Nigeria,NA,NA,NA,FALSE,5,NA,NA,NA,1,0,1,0,NA,NA
2002,2002_361,NOEVIR Stadium Kobe,NA,NA,NA,NA,NA,Nigeria,Sweden,NA,NA,NA,FALSE,5,NA,NA,NA,1,0,1,0,NA,NA
2002,2002_362,Jeonju World Cup Stadium,Jeonju,South Korea,35.8237631,127.1472805,52,Spain,Paraguay,NA,NA,NA,FALSE,5,NA,24,75,0,2,0,0,NA,NA
2002,2002_362,Jeonju World Cup Stadium,Jeonju,South Korea,35.8237631,127.1472805,52,Paraguay,Spain,NA,NA,NA,FALSE,5,NA,24,75,0,0,0,2,NA,NA
2002,2002_363,Sapporo Dome,NA,NA,NA,NA,NA,Argentina,England,NA,2050,NA,FALSE,5,NA,NA,NA,0,0,0,0,NA,NA
2002,2002_363,Sapporo Dome,NA,NA,NA,NA,NA,England,Argentina,2050,NA,NA,FALSE,5,NA,NA,NA,0,0,0,0,NA,NA
2002,2002_364,Daegu Main Stadium,NA,NA,NA,NA,NA,Denmark,Senegal,NA,NA,NA,FALSE,5,NA,NA,NA,0,0,0,1,NA,NA
2002,2002_364,Daegu Main Stadium,NA,NA,NA,NA,NA,Senegal,Denmark,NA,NA,NA,FALSE,6,NA,NA,NA,0,1,0,0,NA,NA
2002,2002_365,Saitama Stadium 2002,NA,NA,NA,NA,NA,Cameroon,Saudi Arabia,NA,NA,NA,FALSE,5,NA,NA,NA,0,1,0,0,NA,NA
2002,2002_365,Saitama Stadium 2002,NA,NA,NA,NA,NA,Saudi Arabia,Cameroon,NA,NA,NA,NA,5,NA,NA,NA,0,0,0,1,NA,NA
2002,2002_366,Busan Sport Complex Asiad Stadium,NA,NA,NA,NA,NA,France,Uruguay,NA,NA,NA,FALSE,6,NA,NA,NA,0,0,0,0,NA,NA
2002,2002_366,Busan Sport Complex Asiad Stadium,NA,NA,NA,NA,NA,Uruguay,France,NA,NA,NA,FALSE,5,NA,NA,NA,0,0,0,0,NA,NA
2002,2002_367,NOEVIR Stadium Kobe,NA,NA,NA,NA,NA,Russia,Tunisia,NA,NA,NA,FALSE,-1,NA,NA,NA,0,1,0,0,NA,NA
2002,2002_367,NOEVIR Stadium Kobe,NA,NA,NA,NA,NA,Tunisia,Russia,NA,NA,NA,FALSE,-1,NA,NA,NA,0,0,0,1,NA,NA
2002,2002_368,Suwon World Cup Stadium,Suwon,South Korea,37.2633325,127.0287472,48,United States,Portugal,NA,NA,NA,NA,-1,NA,24,75,2,0,1,0,NA,NA
2002,2002_368,Suwon World Cup Stadium,Suwon,South Korea,37.2633325,127.0287472,48,Portugal,United States,NA,NA,NA,FALSE,-1,NA,24,75,1,0,2,0,NA,NA
2002,2002_369,Kashima Soccer Stadium,NA,NA,NA,NA,NA,Germany,Republic of Ireland,NA,NA,NA,FALSE,4,NA,NA,NA,1,0,0,1,NA,NA
2002,2002_369,Kashima Soccer Stadium,NA,NA,NA,NA,NA,Republic of Ireland,Germany,NA,NA,NA,NA,4,NA,NA,NA,0,1,1,0,NA,NA
2002,2002_370,Guus Hiddink Stadium,NA,NA,NA,NA,NA,China PR,Costa Rica,NA,NA,NA,NA,-1,NA,NA,NA,0,0,0,2,NA,NA
2002,2002_370,Guus Hiddink Stadium,NA,NA,NA,NA,NA,Costa Rica,China PR,NA,NA,NA,NA,-1,NA,NA,NA,0,2,0,0,NA,NA
2002,2002_371,Saitama Stadium 2002,NA,NA,NA,NA,NA,Japan,Belgium,NA,NA,NA,FALSE,-1,NA,NA,NA,0,2,0,2,NA,NA
2002,2002_371,Saitama Stadium 2002,NA,NA,NA,NA,NA,Belgium,Japan,NA,NA,NA,FALSE,-1,NA,NA,NA,0,2,0,2,NA,NA
2002,2002_372,Busan Sport Complex Asiad Stadium,NA,NA,NA,NA,NA,Korea Republic,Poland,NA,NA,NA,NA,-1,NA,NA,NA,1,1,0,0,NA,NA
2002,2002_372,Busan Sport Complex Asiad Stadium,NA,NA,NA,NA,NA,Poland,Korea Republic,NA,NA,NA,FALSE,-1,NA,NA,NA,0,0,1,1,NA,NA
2002,2002_373,Denka Big Swan Stadium,NA,NA,NA,NA,NA,Croatia,Mexico,NA,NA,NA,FALSE,-1,NA,NA,NA,0,0,0,0,NA,NA
2002,2002_373,Denka Big Swan Stadium,NA,NA,NA,NA,NA,Mexico,Croatia,NA,NA,NA,FALSE,-1,NA,NA,NA,0,0,0,0,NA,NA
2002,2002_374,Munsu Cup Stadium,NA,NA,NA,NA,NA,Brazil,Türkiye,NA,NA,NA,FALSE,-1,NA,NA,NA,0,1,1,0,NA,NA
2002,2002_374,Munsu Cup Stadium,NA,NA,NA,NA,NA,Türkiye,Brazil,NA,NA,NA,NA,-1,NA,NA,NA,1,0,0,1,NA,NA
2002,2002_375,Sapporo Dome,NA,NA,NA,NA,NA,Italy,Ecuador,NA,NA,NA,FALSE,-1,NA,NA,NA,2,0,0,0,NA,NA
2002,2002_375,Sapporo Dome,NA,NA,NA,NA,NA,Ecuador,Italy,NA,NA,NA,FALSE,-1,NA,NA,NA,0,0,2,0,NA,NA
2002,2002_376,Kashima Soccer Stadium,NA,NA,NA,NA,NA,Argentina,Nigeria,NA,NA,NA,FALSE,-1,NA,NA,NA,0,1,0,0,NA,NA
2002,2002_376,Kashima Soccer Stadium,NA,NA,NA,NA,NA,Nigeria,Argentina,NA,NA,NA,FALSE,-1,NA,NA,NA,0,0,0,1,NA,NA
2002,2002_377,Busan Sport Complex Asiad Stadium,NA,NA,NA,NA,NA,Paraguay,South Africa,NA,NA,NA,FALSE,-1,NA,NA,NA,1,1,0,1,NA,NA
2002,2002_377,Busan Sport Complex Asiad Stadium,NA,NA,NA,NA,NA,South Africa,Paraguay,NA,NA,NA,NA,-1,NA,NA,NA,0,1,1,1,NA,NA
2002,2002_378,Saitama Stadium 2002,NA,NA,NA,NA,NA,England,Sweden,2050,NA,NA,FALSE,-1,NA,NA,NA,1,0,0,1,NA,NA
2002,2002_378,Saitama Stadium 2002,NA,NA,NA,NA,NA,Sweden,England,NA,2050,NA,FALSE,-1,NA,NA,NA,0,1,1,0,NA,NA
2002,2002_379,Guus Hiddink Stadium,NA,NA,NA,NA,NA,Spain,Slovenia,NA,NA,NA,FALSE,-1,NA,NA,NA,1,1,0,1,NA,NA
2002,2002_379,Guus Hiddink Stadium,NA,NA,NA,NA,NA,Slovenia,Spain,NA,NA,NA,FALSE,-1,NA,NA,NA,0,1,1,1,NA,NA
2002,2002_380,Denka Big Swan Stadium,NA,NA,NA,NA,NA,Republic of Ireland,Cameroon,NA,NA,NA,NA,-1,NA,NA,NA,0,1,1,0,NA,NA
2002,2002_380,Denka Big Swan Stadium,NA,NA,NA,NA,NA,Cameroon,Republic of Ireland,NA,NA,NA,FALSE,-1,NA,NA,NA,1,0,0,1,NA,NA
2002,2002_381,Munsu Cup Stadium,NA,NA,NA,NA,NA,Uruguay,Denmark,NA,NA,NA,FALSE,-1,NA,NA,NA,0,1,1,1,NA,NA
2002,2002_381,Munsu Cup Stadium,NA,NA,NA,NA,NA,Denmark,Uruguay,NA,NA,NA,FALSE,-1,NA,NA,NA,1,1,0,1,NA,NA
2002,2002_382,Sapporo Dome,NA,NA,NA,NA,NA,Germany,Saudi Arabia,NA,NA,NA,FALSE,-1,NA,NA,NA,4,4,0,0,NA,NA
2002,2002_382,Sapporo Dome,NA,NA,NA,NA,NA,Saudi Arabia,Germany,NA,NA,NA,NA,-1,NA,NA,NA,0,0,4,4,NA,NA
2002,2002_383,Seoul World Cup Stadium,Seoul,South Korea,37.5666791,126.9782914,66,France,Senegal,NA,NA,NA,FALSE,-1,NA,24,75,0,0,1,0,NA,NA
2002,2002_383,Seoul World Cup Stadium,Seoul,South Korea,37.5666791,126.9782914,66,Senegal,France,NA,NA,NA,FALSE,-1,NA,24,75,1,0,0,0,NA,NA
