year,match_id,team,goals_for_1h,goals_for_2h,goals_against_1h,goals_against_2h,date,stadium_name,latitude,longitude,wc_year,rest_days,prev_lat,prev_lon,travel_km
2010,2010_248,Algeria,0,0,0,1,2010-06-13,Peter Mokaba Stadium,,,2010,-1,,,
2010,2010_235,Algeria,0,0,0,0,2010-06-18,Cape Town Stadium,,,2010,5,,,
2010,2010_217,Algeria,0,0,0,1,2010-06-23,Loftus Versfeld Stadium,,,2010,5,,,
2014,2014_175,Algeria,0,0,0,2,2014-06-17,Estádio Governador Magalhães Pinto,,,2014,-1,,,
2014,2014_161,Algeria,3,1,0,2,2014-06-22,Estádio José Pinheiro Borba,,,2014,5,,,
2014,2014_147,Algeria,0,1,1,0,2014-06-26,Estádio Joaquim Américo Guimarães,,,2014,4,,,
2014,2014_139,Algeria,0,1,0,2,2014-06-30,Estádio José Pinheiro Borba,,,2014,4,,,
2006,2006_314,Angola,0,0,1,0,2006-06-11,RheinEnergieSTADION,,,2006,-1,,,
2006,2006_299,Angola,0,0,0,0,2006-06-16,HDI-Arena,,,2006,5,,,
2006,2006_281,Angola,0,1,0,1,2006-06-21,Red Bull Arena,,,2006,5,,,
2002,2002_376,Argentina,0,1,0,0,2002-06-02,Kashima Soccer Stadium,,,2002,-1,,,
2002,2002_363,Argentina,0,0,0,0,2002-06-07,Sapporo Dome,,,2002,5,,,
2002,2002_344,Argentina,0,1,0,1,2002-06-12,Miyagi Stadium,,,2002,5,,,
2006,2006_317,Argentina,2,0,0,1,2006-06-10,Volksparkstadion,,,2006,-1,,,
2006,2006_297,Argentina,3,3,0,0,2006-06-16,Veltins-Arena,,,2006,6,,,
2006,2006_283,Argentina,0,0,0,0,2006-06-21,Commerzbank-Arena,,,2006,5,,,
2006,2006_271,Argentina,1,0,1,0,2006-06-24,Red Bull Arena,,,2006,3,,,
2006,2006_262,Argentina,0,1,0,1,2006-06-30,Olympiastadion Berlin,52.5173885,13.3951309,2006,6,,,
2010,2010_252,Argentina,1,0,0,0,2010-06-12,Emirates Airline Park,,,2010,-1,,,
2010,2010_236,Argentina,1,2,1,0,2010-06-17,Soccer City,-26.205,28.049722,2010,5,,,
2010,2010_223,Argentina,0,2,0,0,2010-06-22,Peter Mokaba Stadium,,,2010,5,-26.205,28.049722,
2010,2010_205,Argentina,2,1,0,1,2010-06-27,Soccer City,-26.205,28.049722,2010,5,,,
2010,2010_196,Argentina,0,0,1,3,2010-07-03,Cape Town Stadium,,,2010,6,-26.205,28.049722,
2014,2014_183,Argentina,0,1,0,1,2014-06-15,Estadio Jornalista Mário Filho,,,2014,-1,,,
2014,2014_163,Argentina,0,1,0,0,2014-06-21,Estádio Governador Magalhães Pinto,,,2014,6,,,
2014,2014_149,Argentina,2,1,1,1,2014-06-25,Estádio José Pinheiro Borba,,,2014,4,,,
2014,2014_136,Argentina,0,1,0,0,2014-07-01,Arena Corinthians,-23.5506507,-46.6333824,2014,6,,,
2014,2014_132,Argentina,1,0,0,0,2014-07-05,Estádio Nacional de Brasília,,,2014,4,-23.5506507,-46.6333824,
2014,2014_130,Argentina,0,0,0,0,2014-07-09,Arena Corinthians,-23.5506507,-46.6333824,2014,4,,,
2014,2014_128,Argentina,0,0,0,1,2014-07-13,Estadio Jornalista Mário Filho,,,2014,4,-23.5506507,-46.6333824,
2018,2018_121,Argentina,1,0,1,0,2018-06-16,Otkrytie Arena,,,2018,-1,,,
2018,2018_107,Argentina,0,0,0,3,2018-06-21,Stadion Nizhny Novgorod,,,2018,5,,,
2018,2018_91,Argentina,1,1,0,0,2018-06-26,Gazprom Arena,,,2018,5,,,
2018,2018_78,Argentina,1,2,0,3,2018-06-30,Kazan Arena,55.7946485,49.1115022,2018,4,,,
2022,2022_56,Argentina,0,0,0,2,2022-11-22,Lusail Iconic Stadium,,,2022,-1,,,
2022,2022_43,Argentina,0,2,0,0,2022-11-26,Lusail Iconic Stadium,,,2022,4,,,
2022,2022_27,Argentina,0,2,0,0,2022-11-30,Stadium 974,,,2022,4,,,
2022,2022_15,Argentina,1,1,0,0,2022-12-03,Ahmed bin Ali Stadium,,,2022,3,,,
2022,2022_7,Argentina,1,0,0,2,2022-12-09,Lusail Iconic Stadium,,,2022,6,,,
2022,2022_3,Argentina,1,1,0,0,2022-12-13,Lusail Iconic Stadium,,,2022,4,,,
2022,2022_0,Argentina,1,1,0,1,2022-12-18,Lusail Iconic Stadium,,,2022,5,,,
2006,2006_309,Australia,0,3,1,0,2006-06-12,Fritz-Walter-Stadion,,,2006,-1,,,
2006,2006_292,Australia,0,0,0,2,2006-06-18,Allianz Arena,48.1371079,11.5753822,2006,6,,,
2006,2006_279,Australia,0,1,1,1,2006-06-22,Mercedes-Benz Arena,,,2006,4,48.1371079,11.5753822,
2006,2006_266,Australia,0,0,0,0,2006-06-26,Fritz-Walter-Stadion,,,2006,4,,,
2010,2010_250,Australia,0,0,2,2,2010-06-13,Moses Mabhida Stadium,-29.861825,31.009909,2010,-1,,,
2010,2010_231,Australia,1,0,0,0,2010-06-19,Royal Bafokeng Stadium,-25.3487816,27.0950203,2010,6,-29.861825,31.009909,632.8419150588766
2010,2010_219,Australia,0,2,0,1,2010-06-23,Mbombela Stadium,-25.4729094,30.9772719,2010,4,-25.3487816,27.0950203,390.1531094025166
2014,2014_190,Australia,1,0,2,1,2014-06-13,Arena Pantanal,,,2014,-1,,,
2014,2014_172,Australia,1,0,1,2,2014-06-18,Estádio José Pinheiro Borba,,,2014,5,,,
2014,2014_156,Australia,0,0,1,2,2014-06-23,Estádio Joaquim Américo Guimarães,,,2014,5,,,
2018,2018_120,Australia,0,0,0,0,2018-06-16,Kazan Arena,55.7946485,49.1115022,2018,-1,,,
2018,2018_105,Australia,0,0,1,0,2018-06-21,Cosmos Arena,,,2018,5,55.7946485,49.1115022,
2018,2018_88,Australia,0,0,1,1,2018-06-26,Olimpiyskiy Stadion Fisht,,,2018,5,,,
2022,2022_59,Australia,1,0,2,2,2022-11-22,Al Janoub Stadium,25.0037453,51.4103338,2022,-1,,,
2022,2022_40,Australia,1,0,0,0,2022-11-26,Al Janoub Stadium,25.0037453,51.4103338,2022,4,25.0037453,51.4103338,0.0
2022,2022_24,Australia,0,1,0,0,2022-11-30,Al Janoub Stadium,25.0037453,51.4103338,2022,4,25.0037453,51.4103338,0.0
2022,2022_15,Australia,0,0,1,1,2022-12-03,Ahmed bin Ali Stadium,,,2022,3,25.0037453,51.4103338,
2002,2002_371,Belgium,0,2,0,2,2002-06-04,Saitama Stadium 2002,,,2002,-1,,,
2002,2002_353,Belgium,1,0,1,0,2002-06-10,Ōita Bank Dome,,,2002,6,,,
2002,2002_337,Belgium,1,2,0,2,2002-06-14,Shizuoka Stadium Ecopa,,,2002,4,,,
2002,2002_331,Belgium,0,0,0,2,2002-06-17,NOEVIR Stadium Kobe,,,2002,3,,,
2014,2014_175,Belgium,0,2,0,0,2014-06-17,Estádio Governador Magalhães Pinto,,,2014,-1,,,
2014,2014_160,Belgium,0,1,0,0,2014-06-22,Estadio Jornalista Mário Filho,,,2014,5,,,
2014,2014_146,Belgium,0,1,0,0,2014-06-26,Arena Corinthians,-23.5506507,-46.6333824,2014,4,,,
2014,2014_137,Belgium,0,2,0,1,2014-07-01,Itaipava Arena Fonte Nova,,,2014,5,-23.5506507,-46.6333824,
2014,2014_132,Belgium,0,0,1,0,2014-07-05,Estádio Nacional de Brasília,,,2014,4,,,
2018,2018_115,Belgium,0,3,0,0,2018-06-18,Olimpiyskiy Stadion Fisht,,,2018,-1,,,
2018,2018_99,Belgium,2,2,1,1,2018-06-23,Otkrytie Arena,,,2018,5,,,
2018,2018_82,Belgium,0,1,0,0,2018-06-28,Kaliningrad Stadium,54.710128,20.5105838,2018,5,,,
2018,2018_75,Belgium,0,3,0,2,2018-07-02,Rostov Arena,,,2018,4,54.710128,20.5105838,
2018,2018_71,Belgium,1,0,0,1,2018-07-06,Kazan Arena,55.7946485,49.1115022,2018,4,,,
2018,2018_67,Belgium,0,0,0,1,2018-07-10,Gazprom Arena,,,2018,4,55.7946485,49.1115022,
2018,2018_65,Belgium,1,1,0,0,2018-07-14,Gazprom Arena,,,2018,4,,,
2022,2022_55,Belgium,1,0,0,0,2022-11-23,Ahmed bin Ali Stadium,,,2022,-1,,,
2022,2022_37,Belgium,0,0,0,2,2022-11-27,Al Thumama Stadium,25.3108807,51.5081812,2022,4,,,
2022,2022_21,Belgium,0,0,0,0,2022-12-01,Ahmed bin Ali Stadium,,,2022,4,25.3108807,51.5081812,
2014,2014_183,Bosnia and Herzegovina,0,1,0,1,2014-06-15,Estadio Jornalista Mário Filho,,,2014,-1,,,
2014,2014_165,Bosnia and Herzegovina,0,0,1,0,2014-06-21,Arena Pantanal,,,2014,6,,,
2014,2014_148,Bosnia and Herzegovina,1,2,0,1,2014-06-25,Itaipava Arena Fonte Nova,,,2014,4,,,
2002,2002_374,Brazil,0,1,1,0,2002-06-03,Munsu Cup Stadium,,,2002,-1,,,
2002,2002_360,Brazil,2,1,0,0,2002-06-08,Jeju World Cup Stadium,,,2002,5,,,
2002,2002_340,Brazil,3,2,1,1,2002-06-13,Suwon World Cup Stadium,37.2633325,127.0287472,2002,5,,,
2002,2002_331,Brazil,0,2,0,0,2002-06-17,NOEVIR Stadium Kobe,,,2002,4,37.2633325,127.0287472,
2002,2002_326,Brazil,1,1,1,0,2002-06-21,Daejeon World Cup Stadium,,,2002,4,,,
2002,2002_322,Brazil,0,1,0,0,2002-06-26,Saitama Stadium 2002,,,2002,5,,,
2002,2002_320,Brazil,0,2,0,0,2002-06-30,Nissan Stadium,,,2002,4,,,
2006,2006_308,Brazil,1,0,0,0,2006-06-13,Olympiastadion Berlin,52.5173885,13.3951309,2006,-1,,,
2006,2006_292,Brazil,0,2,0,0,2006-06-18,Allianz Arena,48.1371079,11.5753822,2006,5,52.5173885,13.3951309,503.86008184339755
2006,2006_278,Brazil,1,3,1,0,2006-06-22,Signal Iduna Park,51.5142273,7.4652789,2006,4,48.1371079,11.5753822,477.270821964756
2006,2006_264,Brazil,2,1,0,0,2006-06-27,Signal Iduna Park,51.5142273,7.4652789,2006,5,51.5142273,7.4652789,0.0
2006,2006_261,Brazil,0,0,0,1,2006-07-01,Commerzbank-Arena,,,2006,4,51.5142273,7.4652789,
2010,2010_244,Brazil,0,2,0,1,2010-06-15,Emirates Airline Park,,,2010,-1,,,
2010,2010_229,Brazil,1,2,0,1,2010-06-20,Soccer City,-26.205,28.049722,2010,5,,,
2010,2010_208,Brazil,0,0,0,0,2010-06-25,Moses Mabhida Stadium,-29.861825,31.009909,2010,5,-26.205,28.049722,499.69571323952306
2010,2010_203,Brazil,2,1,0,0,2010-06-28,Emirates Airline Park,,,2010,3,-29.861825,31.009909,
2010,2010_198,Brazil,1,0,0,2,2010-07-02,Nelson Mandela Bay Stadium,-33.9618598,25.6186731,2010,4,,,
2014,2014_191,Brazil,1,1,0,0,2014-06-12,Arena Corinthians,-23.5506507,-46.6333824,2014,-1,,,
2014,2014_176,Brazil,0,0,0,0,2014-06-17,Estádio Castelão,,,2014,5,-23.5506507,-46.6333824,
2014,2014_159,Brazil,2,2,1,0,2014-06-23,Estádio Nacional de Brasília,,,2014,6,,,
2014,2014_142,Brazil,1,0,1,0,2014-06-28,Estádio Governador Magalhães Pinto,,,2014,5,,,
2014,2014_135,Brazil,1,1,0,0,2014-07-04,Estádio Castelão,,,2014,6,,,
2014,2014_131,Brazil,0,1,5,2,2014-07-08,Estádio Governador Magalhães Pinto,,,2014,4,,,
2014,2014_129,Brazil,0,0,1,1,2014-07-12,Estádio Nacional de Brasília,,,2014,4,,,
2018,2018_119,Brazil,1,0,0,1,2018-06-17,Rostov Arena,,,2018,-1,,,
2018,2018_102,Brazil,0,2,0,0,2018-06-22,Gazprom Arena,,,2018,5,,,
2018,2018_87,Brazil,1,1,0,0,2018-06-27,Otkrytie Arena,,,2018,5,,,
2018,2018_74,Brazil,0,2,0,0,2018-07-02,Cosmos Arena,,,2018,5,,,
2018,2018_71,Brazil,0,1,1,0,2018-07-06,Kazan Arena,55.7946485,49.1115022,2018,4,,,
2022,2022_51,Brazil,0,2,0,0,2022-11-24,Lusail Iconic Stadium,,,2022,-1,,,
2022,2022_34,Brazil,0,1,0,0,2022-11-28,Stadium 974,,,2022,4,,,
2022,2022_18,Brazil,0,0,0,1,2022-12-02,Lusail Iconic Stadium,,,2022,4,,,
2022,2022_11,Brazil,3,0,0,1,2022-12-05,Stadium 974,,,2022,3,,,
2022,2022_6,Brazil,0,1,0,1,2022-12-09,Education City Stadium,25.0819602,51.158416,2022,4,,,
2002,2002_380,Cameroon,1,0,0,1,2002-06-01,Denka Big Swan Stadium,,,2002,-1,,,
2002,2002_365,Cameroon,0,1,0,0,2002-06-06,Saitama Stadium 2002,,,2002,5,,,
2002,2002_351,Cameroon,0,0,0,2,2002-06-11,Shizuoka Stadium Ecopa,,,2002,5,,,
2010,2010_246,Cameroon,0,0,1,0,2010-06-14,Toyota Stadium,,,2010,-1,,,
2010,2010_232,Cameroon,1,0,1,1,2010-06-19,Loftus Versfeld Stadium,,,2010,5,,,
2010,2010_215,Cameroon,0,0,1,1,2010-06-24,Cape Town Stadium,,,2010,5,,,
2014,2014_188,Cameroon,0,0,0,1,2014-06-13,Arena das Dunas,,,2014,-1,,,
2014,2014_174,Cameroon,0,0,1,3,2014-06-18,Arena da Amazônia,,,2014,5,,,
2014,2014_159,Cameroon,1,0,2,2,2014-06-23,Estádio Nacional de Brasília,,,2014,5,,,
2022,2022_48,Cameroon,0,0,0,1,2022-11-24,Al Janoub Stadium,25.0037453,51.4103338,2022,-1,,,
2022,2022_32,Cameroon,1,2,2,1,2022-11-28,Al Janoub Stadium,25.0037453,51.4103338,2022,4,25.0037453,51.4103338,0.0
2022,2022_18,Cameroon,0,1,0,0,2022-12-02,Lusail Iconic Stadium,,,2022,4,25.0037453,51.4103338,
2022,2022_55,Canada,0,0,1,0,2022-11-23,Ahmed bin Ali Stadium,,,2022,-1,,,
2022,2022_38,Canada,1,0,2,2,2022-11-27,Khalifa International Stadium,25.3108807,51.5081812,2022,4,,,
2022,2022_20,Canada,0,0,2,0,2022-12-01,Al Thumama Stadium,25.3108807,51.5081812,2022,4,25.3108807,51.5081812,0.0
2010,2010_239,Chile,1,0,0,0,2010-06-16,Mbombela Stadium,-25.4729094,30.9772719,2010,-1,,,
2010,2010_225,Chile,0,1,0,0,2010-06-21,Nelson Mandela Bay Stadium,-33.9618598,25.6186731,2010,5,-25.4729094,30.9772719,1075.9981043316666
2010,2010_210,Chile,0,1,2,0,2010-06-25,Loftus Versfeld Stadium,,,2010,4,-33.9618598,25.6186731,
2010,2010_203,Chile,0,0,2,1,2010-06-28,Emirates Airline Park,,,2010,3,,,
2014,2014_190,Chile,2,1,1,0,2014-06-13,Arena Pantanal,,,2014,-1,,,
2014,2014_173,Chile,2,0,0,0,2014-06-18,Estadio Jornalista Mário Filho,,,2014,5,,,
2014,2014_157,Chile,0,0,0,2,2014-06-23,Arena Corinthians,-23.5506507,-46.6333824,2014,5,,,
2014,2014_142,Chile,1,0,1,0,2014-06-28,Estádio Governador Magalhães Pinto,,,2014,5,-23.5506507,-46.6333824,
2002,2002_370,China PR,0,0,0,2,2002-06-04,Guus Hiddink Stadium,,,2002,-1,,,
2002,2002_360,China PR,0,0,2,1,2002-06-08,Jeju World Cup Stadium,,,2002,4,,,
2002,2002_341,China PR,0,0,2,1,2002-06-13,Seoul World Cup Stadium,37.5666791,126.9782914,2002,5,,,
2014,2014_184,Colombia,1,2,0,0,2014-06-14,Estádio Governador Magalhães Pinto,,,2014,-1,,,
2014,2014_169,Colombia,0,2,0,1,2014-06-19,Estádio Nacional de Brasília,,,2014,5,,,
2014,2014_154,Colombia,0,3,1,0,2014-06-24,Arena Pantanal,,,2014,5,,,
2014,2014_143,Colombia,1,1,0,0,2014-06-28,Estadio Jornalista Mário Filho,,,2014,4,,,
2014,2014_135,Colombia,0,0,1,1,2014-07-04,Estádio Castelão,,,2014,6,,,
2018,2018_111,Colombia,1,0,0,1,2018-06-19,Mordovia Arena,,,2018,-1,,,
2018,2018_98,Colombia,1,2,0,0,2018-06-24,Kazan Arena,55.7946485,49.1115022,2018,5,,,
2018,2018_81,Colombia,0,1,0,0,2018-06-28,Cosmos Arena,,,2018,4,55.7946485,49.1115022,
2018,2018_73,Colombia,0,1,0,0,2018-07-03,Otkrytie Arena,,,2018,5,,,
2002,2002_370,Costa Rica,0,2,0,0,2002-06-04,Guus Hiddink Stadium,,,2002,-1,,,
2002,2002_356,Costa Rica,0,1,0,1,2002-06-09,Incheon Munhak Stadium,,,2002,5,,,
2002,2002_340,Costa Rica,1,1,3,2,2002-06-13,Suwon World Cup Stadium,37.2633325,127.0287472,2002,4,,,
2006,2006_318,Costa Rica,1,1,2,2,2006-06-09,Allianz Arena,48.1371079,11.5753822,2006,-1,,,
2006,2006_300,Costa Rica,0,0,1,2,2006-06-15,Veltins-Arena,,,2006,6,48.1371079,11.5753822,
2006,2006_284,Costa Rica,1,0,1,1,2006-06-20,HDI-Arena,,,2006,5,,,
2014,2014_185,Costa Rica,0,3,0,0,2014-06-14,Estádio Castelão,,,2014,-1,,,
2014,2014_166,Costa Rica,1,0,0,0,2014-06-20,Itaipava Arena Pernambuco,,,2014,6,,,
2014,2014_152,Costa Rica,0,0,0,0,2014-06-24,Estádio Governador Magalhães Pinto,,,2014,4,,,
2014,2014_141,Costa Rica,0,1,0,1,2014-06-29,Itaipava Arena Pernambuco,,,2014,5,,,
2014,2014_133,Costa Rica,0,0,0,0,2014-07-05,Itaipava Arena Fonte Nova,,,2014,6,,,
2018,2018_117,Costa Rica,0,0,0,1,2018-06-17,Cosmos Arena,,,2018,-1,,,
2018,2018_102,Costa Rica,0,0,0,2,2018-06-22,Gazprom Arena,,,2018,5,,,
2018,2018_86,Costa Rica,0,1,1,1,2018-06-27,Stadion Nizhny Novgorod,,,2018,5,,,
2022,2022_54,Costa Rica,0,0,2,4,2022-11-23,Al Thumama Stadium,25.3108807,51.5081812,2022,-1,,,
2022,2022_36,Costa Rica,0,1,0,0,2022-11-27,Ahmed bin Ali Stadium,,,2022,4,25.3108807,51.5081812,
2022,2022_22,Costa Rica,0,1,1,3,2022-12-01,Al Bayt Stadium,25.7567822,51.3269839,2022,4,,,
2002,2002_373,Croatia,0,0,0,0,2002-06-03,Denka Big Swan Stadium,,,2002,-1,,,
2002,2002_359,Croatia,0,2,0,1,2002-06-08,Kashima Soccer Stadium,,,2002,5,,,
2002,2002_343,Croatia,0,0,0,1,2002-06-13,Nissan Stadium,,,2002,5,,,
2006,2006_308,Croatia,0,0,1,0,2006-06-13,Olympiastadion Berlin,52.5173885,13.3951309,2006,-1,,,
2006,2006_291,Croatia,0,0,0,0,2006-06-18,Max-Morlock-Stadion,,,2006,5,52.5173885,13.3951309,
2006,2006_279,Croatia,1,1,0,1,2006-06-22,Mercedes-Benz Arena,,,2006,4,,,
2014,2014_191,Croatia,0,0,1,1,2014-06-12,Arena Corinthians,-23.5506507,-46.6333824,2014,-1,,,
2014,2014_174,Croatia,1,3,0,0,2014-06-18,Arena da Amazônia,,,2014,6,-23.5506507,-46.6333824,
2014,2014_158,Croatia,0,1,0,3,2014-06-23,Itaipava Arena Pernambuco,,,2014,5,,,
2018,2018_123,Croatia,0,0,0,0,2018-06-16,Kaliningrad Stadium,54.710128,20.5105838,2018,-1,,,
2018,2018_107,Croatia,0,3,0,0,2018-06-21,Stadion Nizhny Novgorod,,,2018,5,54.710128,20.5105838,
2018,2018_90,Croatia,0,2,0,0,2018-06-26,Rostov Arena,,,2018,5,,,
2018,2018_77,Croatia,1,0,1,0,2018-07-01,Stadion Nizhny Novgorod,,,2018,5,,,
2018,2018_69,Croatia,1,1,1,1,2018-07-07,Olimpiyskiy Stadion Fisht,,,2018,6,,,
2018,2018_66,Croatia,0,2,1,0,2018-07-11,Olimpiyskiy stadion Luzhniki,,,2018,4,,,
2018,2018_64,Croatia,1,1,0,2,2018-07-15,Olimpiyskiy stadion Luzhniki,,,2018,4,,,
2022,2022_52,Croatia,0,0,0,0,2022-11-23,Al Bayt Stadium,25.7567822,51.3269839,2022,-1,,,
2022,2022_38,Croatia,2,2,1,0,2022-11-27,Khalifa International Stadium,25.3108807,51.5081812,2022,4,25.7567822,51.3269839,52.809998202766636
2022,2022_21,Croatia,0,0,0,0,2022-12-01,Ahmed bin Ali Stadium,,,2022,4,25.3108807,51.5081812,
2022,2022_10,Croatia,0,1,1,0,2022-12-05,Al Janoub Stadium,25.0037453,51.4103338,2022,4,,,
2022,2022_6,Croatia,0,1,0,1,2022-12-09,Education City Stadium,25.0819602,51.158416,2022,4,25.0037453,51.4103338,26.827473283833054
2022,2022_3,Croatia,0,0,1,1,2022-12-13,Lusail Iconic Stadium,,,2022,4,25.0819602,51.158416,
2022,2022_1,Croatia,2,0,1,0,2022-12-17,Khalifa International Stadium,25.3108807,51.5081812,2022,4,,,
2006,2006_310,Czech Republic,2,1,0,0,2006-06-12,Veltins-Arena,,,2006,-1,,,
2006,2006_295,Czech Republic,0,0,1,1,2006-06-17,RheinEnergieSTADION,,,2006,5,,,
2006,2006_277,Czech Republic,0,0,1,1,2006-06-22,Volksparkstadion,,,2006,5,,,
2006,2006_317,Côte d'Ivoire,0,1,2,0,2006-06-10,Volksparkstadion,,,2006,-1,,,
2006,2006_298,Côte d'Ivoire,1,0,2,0,2006-06-16,Mercedes-Benz Arena,,,2006,6,,,
2006,2006_282,Côte d'Ivoire,0,1,3,0,2006-06-21,Allianz Arena,48.1371079,11.5753822,2006,5,,,
2010,2010_243,Côte d'Ivoire,0,0,0,0,2010-06-15,Nelson Mandela Bay Stadium,-33.9618598,25.6186731,2010,-1,,,
2010,2010_229,Côte d'Ivoire,0,1,1,2,2010-06-20,Soccer City,-26.205,28.049722,2010,5,-33.9618598,25.6186731,893.582323552711
2010,2010_209,Côte d'Ivoire,2,1,0,0,2010-06-25,Mbombela Stadium,-25.4729094,30.9772719,2010,5,-26.205,28.049722,304.0729413331618
2014,2014_187,Côte d'Ivoire,0,2,1,0,2014-06-14,Itaipava Arena Pernambuco,,,2014,-1,,,
2014,2014_169,Côte d'Ivoire,0,1,0,2,2014-06-19,Estádio Nacional de Brasília,,,2014,5,,,
2014,2014_155,Côte d'Ivoire,0,1,1,0,2014-06-24,Estádio Castelão,,,2014,5,,,
2002,2002_381,Denmark,1,1,0,1,2002-06-01,Munsu Cup Stadium,,,2002,-1,,,
2002,2002_364,Denmark,0,0,0,1,2002-06-06,Daegu Main Stadium,,,2002,5,,,
2002,2002_348,Denmark,1,1,0,0,2002-06-11,Incheon Munhak Stadium,,,2002,5,,,
2002,2002_335,Denmark,0,0,3,0,2002-06-15,Denka Big Swan Stadium,,,2002,4,,,
2010,2010_245,Denmark,0,0,0,1,2010-06-14,Soccer City,-26.205,28.049722,2010,-1,,,
2010,2010_232,Denmark,1,1,1,0,2010-06-19,Loftus Versfeld Stadium,,,2010,5,-26.205,28.049722,
2010,2010_214,Denmark,0,1,2,1,2010-06-24,Royal Bafokeng Stadium,-25.3487816,27.0950203,2010,5,,,
2018,2018_122,Denmark,0,1,0,0,2018-06-16,Mordovia Arena,,,2018,-1,,,
2018,2018_105,Denmark,1,0,0,0,2018-06-21,Cosmos Arena,,,2018,5,,,
2018,2018_89,Denmark,0,0,0,0,2018-06-26,Olimpiyskiy stadion Luzhniki,,,2018,5,,,
2018,2018_77,Denmark,1,0,1,0,2018-07-01,Stadion Nizhny Novgorod,,,2018,5,,,
2022,2022_57,Denmark,0,0,0,0,2022-11-22,Education City Stadium,25.0819602,51.158416,2022,-1,,,
2022,2022_42,Denmark,0,1,0,2,2022-11-26,Stadium 974,,,2022,4,25.0819602,51.158416,
2022,2022_24,Denmark,0,0,0,1,2022-11-30,Al Janoub Stadium,25.0037453,51.4103338,2022,4,,,
2002,2002_375,Ecuador,0,0,2,0,2002-06-03,Sapporo Dome,,,2002,-1,,,
2002,2002_355,Ecuador,1,0,1,1,2002-06-09,Sapporo Dome,,,2002,6,,,
2002,2002_343,Ecuador,0,1,0,0,2002-06-13,Nissan Stadium,,,2002,4,,,
2006,2006_319,Ecuador,1,1,0,0,2006-06-09,Veltins-Arena,,,2006,-1,,,
2006,2006_300,Ecuador,1,2,0,0,2006-06-15,Veltins-Arena,,,2006,6,,,
2006,2006_285,Ecuador,0,0,2,1,2006-06-20,Olympiastadion Berlin,52.5173885,13.3951309,2006,5,,,
2006,2006_268,Ecuador,0,0,0,1,2006-06-25,Mercedes-Benz Arena,,,2006,5,52.5173885,13.3951309,
2014,2014_181,Ecuador,1,0,0,2,2014-06-15,Estádio Nacional de Brasília,,,2014,-1,,,
2014,2014_168,Ecuador,1,1,1,0,2014-06-20,Estádio Joaquim Américo Guimarães,,,2014,5,,,
2014,2014_151,Ecuador,0,0,0,0,2014-06-25,Estadio Jornalista Mário Filho,,,2014,5,,,
2022,2022_63,Ecuador,1,0,0,0,2022-11-20,Al Bayt Stadium,25.7567822,51.3269839,2022,-1,,,
2022,2022_46,Ecuador,0,1,1,0,2022-11-25,Khalifa International Stadium,25.3108807,51.5081812,2022,5,25.7567822,51.3269839,52.809998202766636
2022,2022_28,Ecuador,0,1,0,1,2022-11-29,Khalifa International Stadium,25.3108807,51.5081812,2022,4,25.3108807,51.5081812,0.0
2018,2018_124,Egypt,0,0,0,1,2018-06-15,Stadion Central'nyj,,,2018,-1,,,
2018,2018_113,Egypt,0,0,0,2,2018-06-19,Gazprom Arena,,,2018,4,,,
2018,2018_92,Egypt,1,0,0,1,2018-06-25,Volgograd Arena,,,2018,6,,,
2002,2002_378,England,1,0,0,1,2002-06-02,Saitama Stadium 2002,,,2002,-1,,,
2002,2002_363,England,0,0,0,0,2002-06-07,Sapporo Dome,,,2002,5,,,
2002,2002_345,England,0,0,0,0,2002-06-12,Yanmar Stadium Nagai,,,2002,5,,,
2002,2002_335,England,3,0,0,0,2002-06-15,Denka Big Swan Stadium,,,2002,3,,,
2002,2002_326,England,1,0,1,1,2002-06-21,Daejeon World Cup Stadium,,,2002,6,,,
2006,2006_315,England,0,0,0,0,2006-06-10,Commerzbank-Arena,,,2006,-1,,,
2006,2006_301,England,0,2,0,0,2006-06-15,Max-Morlock-Stadion,,,2006,5,,,
2006,2006_287,England,1,1,0,2,2006-06-20,RheinEnergieSTADION,,,2006,5,,,
2006,2006_268,England,0,1,0,0,2006-06-25,Mercedes-Benz Arena,,,2006,5,,,
2006,2006_260,England,0,0,0,0,2006-07-01,Veltins-Arena,,,2006,6,,,
2010,2010_253,England,1,0,1,0,2010-06-12,Royal Bafokeng Stadium,-25.3487816,27.0950203,2010,-1,,,
2010,2010_235,England,0,0,0,0,2010-06-18,Cape Town Stadium,,,2010,6,-25.3487816,27.0950203,
2010,2010_216,England,1,0,0,0,2010-06-23,Nelson Mandela Bay Stadium,-33.9618598,25.6186731,2010,5,,,
2010,2010_204,England,1,0,2,2,2010-06-27,Toyota Stadium,,,2010,4,-33.9618598,25.6186731,
2014,2014_186,England,1,0,1,1,2014-06-14,Arena da Amazônia,,,2014,-1,,,
2014,2014_170,England,0,1,1,1,2014-06-19,Arena Corinthians,-23.5506507,-46.6333824,2014,5,,,
2014,2014_152,England,0,0,0,0,2014-06-24,Estádio Governador Magalhães Pinto,,,2014,5,-23.5506507,-46.6333824,
2018,2018_116,England,1,1,0,0,2018-06-18,Volgograd Arena,,,2018,-1,,,
2018,2018_96,England,3,1,0,1,2018-06-24,Stadion Nizhny Novgorod,,,2018,6,,,
2018,2018_82,England,0,0,0,1,2018-06-28,Kaliningrad Stadium,54.710128,20.5105838,2018,4,,,
2018,2018_73,England,0,0,0,1,2018-07-03,Otkrytie Arena,,,2018,5,54.710128,20.5105838,
2018,2018_68,England,1,1,0,0,2018-07-07,Cosmos Arena,,,2018,4,,,
2018,2018_66,England,1,0,0,2,2018-07-11,Olimpiyskiy stadion Luzhniki,,,2018,4,,,
2018,2018_65,England,0,0,1,1,2018-07-14,Gazprom Arena,,,2018,3,,,
2022,2022_60,England,3,3,0,1,2022-11-21,Khalifa International Stadium,25.3108807,51.5081812,2022,-1,,,
2022,2022_47,England,0,0,0,0,2022-11-25,Al Bayt Stadium,25.7567822,51.3269839,2022,4,25.3108807,51.5081812,52.809998202766636
2022,2022_31,England,0,3,0,0,2022-11-29,Ahmed bin Ali Stadium,,,2022,4,25.7567822,51.3269839,
2022,2022_13,England,2,1,0,0,2022-12-04,Al Bayt Stadium,25.7567822,51.3269839,2022,5,,,
2022,2022_5,England,0,0,1,1,2022-12-10,Al Bayt Stadium,25.7567822,51.3269839,2022,6,25.7567822,51.3269839,0.0
2002,2002_383,France,0,0,1,0,2002-05-31,Seoul World Cup Stadium,37.5666791,126.9782914,2002,-1,,,
2002,2002_366,France,0,0,0,0,2002-06-06,Busan Sport Complex Asiad Stadium,,,2002,6,37.5666791,126.9782914,
2002,2002_348,France,0,0,1,1,2002-06-11,Incheon Munhak Stadium,,,2002,5,,,
2006,2006_307,France,0,0,0,0,2006-06-13,Mercedes-Benz Arena,,,2006,-1,,,
2006,2006_293,France,1,0,0,1,2006-06-18,Red Bull Arena,,,2006,5,,,
2006,2006_274,France,0,2,0,0,2006-06-23,RheinEnergieSTADION,,,2006,5,,,
2006,2006_265,France,1,2,0,0,2006-06-27,HDI-Arena,,,2006,4,,,
2006,2006_261,France,0,1,0,0,2006-07-01,Commerzbank-Arena,,,2006,4,,,
2006,2006_258,France,0,0,0,0,2006-07-05,Allianz Arena,48.1371079,11.5753822,2006,4,,,
2006,2006_256,France,0,0,1,0,2006-07-09,Olympiastadion Berlin,52.5173885,13.3951309,2006,4,48.1371079,11.5753822,503.86008184339755
2010,2010_255,France,0,0,0,0,2010-06-11,Cape Town Stadium,,,2010,-1,,,
2010,2010_238,France,0,0,0,1,2010-06-17,Peter Mokaba Stadium,,,2010,6,,,
2010,2010_221,France,0,1,2,0,2010-06-22,Toyota Stadium,,,2010,5,,,
2014,2014_182,France,0,1,0,0,2014-06-15,Estádio José Pinheiro Borba,,,2014,-1,,,
2014,2014_167,France,3,2,0,2,2014-06-20,Itaipava Arena Fonte Nova,,,2014,5,,,
2014,2014_151,France,0,0,0,0,2014-06-25,Estadio Jornalista Mário Filho,,,2014,5,,,
2014,2014_138,France,0,1,0,0,2014-06-30,Estádio Nacional de Brasília,,,2014,5,,,
2014,2014_134,France,0,0,1,0,2014-07-04,Estadio Jornalista Mário Filho,,,2014,4,,,
2018,2018_120,France,0,0,0,0,2018-06-16,Kazan Arena,55.7946485,49.1115022,2018,-1,,,
2018,2018_106,France,1,0,0,0,2018-06-21,Stadion Central'nyj,,,2018,5,55.7946485,49.1115022,
2018,2018_89,France,0,0,0,0,2018-06-26,Olimpiyskiy stadion Luzhniki,,,2018,5,,,
2018,2018_78,France,0,3,1,2,2018-06-30,Kazan Arena,55.7946485,49.1115022,2018,4,,,
2018,2018_70,France,1,1,0,0,2018-07-06,Stadion Nizhny Novgorod,,,2018,6,55.7946485,49.1115022,
2018,2018_67,France,0,1,0,0,2018-07-10,Gazprom Arena,,,2018,4,,,
2018,2018_64,France,0,2,1,1,2018-07-15,Olimpiyskiy stadion Luzhniki,,,2018,5,,,
2022,2022_59,France,2,2,1,0,2022-11-22,Al Janoub Stadium,25.0037453,51.4103338,2022,-1,,,
2022,2022_42,France,0,2,0,1,2022-11-26,Stadium 974,,,2022,4,25.0037453,51.4103338,
2022,2022_25,France,0,0,0,1,2022-11-30,Education City Stadium,25.0819602,51.158416,2022,4,,,
2022,2022_12,France,1,2,0,0,2022-12-04,Al Thumama Stadium,25.3108807,51.5081812,2022,4,25.0819602,51.158416,43.43267385096884
2022,2022_5,France,1,1,0,0,2022-12-10,Al Bayt Stadium,25.7567822,51.3269839,2022,6,25.3108807,51.5081812,52.809998202766636
2022,2022_2,France,1,1,0,0,2022-12-14,Al Bayt Stadium,25.7567822,51.3269839,2022,4,25.7567822,51.3269839,0.0
2022,2022_0,France,0,1,1,1,2022-12-18,Lusail Iconic Stadium,,,2022,4,25.7567822,51.3269839,
2002,2002_382,Germany,4,4,0,0,2002-06-01,Sapporo Dome,,,2002,-1,,,
2002,2002_369,Germany,1,0,0,1,2002-06-05,Kashima Soccer Stadium,,,2002,4,,,
2002,2002_351,Germany,0,2,0,0,2002-06-11,Shizuoka Stadium Ecopa,,,2002,6,,,
2002,2002_334,Germany,0,1,0,0,2002-06-15,Jeju World Cup Stadium,,,2002,4,,,
2002,2002_327,Germany,1,0,0,0,2002-06-21,Munsu Cup Stadium,,,2002,6,,,
2002,2002_323,Germany,0,1,0,0,2002-06-25,Seoul World Cup Stadium,37.5666791,126.9782914,2002,4,,,
2002,2002_320,Germany,0,0,0,2,2002-06-30,Nissan Stadium,,,2002,5,37.5666791,126.9782914,
2006,2006_318,Germany,2,2,1,1,2006-06-09,Allianz Arena,48.1371079,11.5753822,2006,-1,,,
2006,2006_305,Germany,0,1,0,0,2006-06-14,Signal Iduna Park,51.5142273,7.4652789,2006,5,48.1371079,11.5753822,477.270821964756
2006,2006_285,Germany,2,1,0,0,2006-06-20,Olympiastadion Berlin,52.5173885,13.3951309,2006,6,51.5142273,7.4652789,420.7185227549209
2006,2006_270,Germany,2,0,0,0,2006-06-24,Allianz Arena,48.1371079,11.5753822,2006,4,52.5173885,13.3951309,503.86008184339755
2006,2006_262,Germany,0,1,0,1,2006-06-30,Olympiastadion Berlin,52.5173885,13.3951309,2006,6,48.1371079,11.5753822,503.86008184339755
2006,2006_259,Germany,0,0,0,2,2006-07-04,Signal Iduna Park,51.5142273,7.4652789,2006,4,52.5173885,13.3951309,420.7185227549209
2006,2006_257,Germany,0,2,0,1,2006-07-08,Mercedes-Benz Arena,,,2006,4,51.5142273,7.4652789,
2010,2010_250,Germany,2,2,0,0,2010-06-13,Moses Mabhida Stadium,-29.861825,31.009909,2010,-1,,,
2010,2010_233,Germany,0,0,1,0,2010-06-18,Nelson Mandela Bay Stadium,-33.9618598,25.6186731,2010,5,-29.861825,31.009909,683.0140719460456
2010,2010_218,Germany,0,1,0,0,2010-06-23,Soccer City,-26.205,28.049722,2010,5,-33.9618598,25.6186731,893.582323552711
2010,2010_204,Germany,2,2,1,0,2010-06-27,Toyota Stadium,,,2010,4,-26.205,28.049722,
2010,2010_196,Germany,1,3,0,0,2010-07-03,Cape Town Stadium,,,2010,6,,,
2010,2010_194,Germany,0,0,0,1,2010-07-07,Moses Mabhida Stadium,-29.861825,31.009909,2010,4,,,
2010,2010_193,Germany,1,2,1,1,2010-07-10,Nelson Mandela Bay Stadium,-33.9618598,25.6186731,2010,3,-29.861825,31.009909,683.0140719460456
2014,2014_178,Germany,2,1,0,0,2014-06-16,Itaipava Arena Fonte Nova,,,2014,-1,,,
2014,2014_164,Germany,0,2,0,2,2014-06-21,Estádio Castelão,,,2014,5,,,
2014,2014_144,Germany,0,1,0,0,2014-06-26,Itaipava Arena Pernambuco,,,2014,5,,,
2014,2014_139,Germany,0,2,0,1,2014-06-30,Estádio José Pinheiro Borba,,,2014,4,,,
2014,2014_134,Germany,1,0,0,0,2014-07-04,Estadio Jornalista Mário Filho,,,2014,4,,,
2014,2014_131,Germany,5,2,0,1,2014-07-08,Estádio Governador Magalhães Pinto,,,2014,4,,,
2014,2014_128,Germany,0,1,0,0,2014-07-13,Estadio Jornalista Mário Filho,,,2014,5,,,
2018,2018_118,Germany,0,0,1,0,2018-06-17,Olimpiyskiy stadion Luzhniki,,,2018,-1,,,
2018,2018_101,Germany,0,2,1,0,2018-06-23,Olimpiyskiy Stadion Fisht,,,2018,6,,,
2018,2018_84,Germany,0,0,0,2,2018-06-27,Kazan Arena,55.7946485,49.1115022,2018,4,,,
2022,2022_53,Germany,0,0,0,2,2022-11-23,Khalifa International Stadium,25.3108807,51.5081812,2022,-1,,,
2022,2022_39,Germany,0,1,0,1,2022-11-27,Al Bayt Stadium,25.7567822,51.3269839,2022,4,25.3108807,51.5081812,52.809998202766636
2022,2022_22,Germany,1,3,0,1,2022-12-01,Al Bayt Stadium,25.7567822,51.3269839,2022,4,25.7567822,51.3269839,0.0
2006,2006_311,Ghana,0,0,1,1,2006-06-12,HDI-Arena,,,2006,-1,,,
2006,2006_295,Ghana,1,1,0,0,2006-06-17,RheinEnergieSTADION,,,2006,5,,,
2006,2006_276,Ghana,1,0,1,0,2006-06-22,Max-Morlock-Stadion,,,2006,5,,,
2006,2006_264,Ghana,0,0,2,1,2006-06-27,Signal Iduna Park,51.5142273,7.4652789,2006,5,,,
2010,2010_249,Ghana,0,0,0,0,2010-06-13,Loftus Versfeld Stadium,,,2010,-1,,,
2010,2010_231,Ghana,0,0,1,0,2010-06-19,Royal Bafokeng Stadium,-25.3487816,27.0950203,2010,6,,,
2010,2010_218,Ghana,0,0,0,1,2010-06-23,Soccer City,-26.205,28.049722,2010,4,-25.3487816,27.0950203,134.9163031773806
2010,2010_207,Ghana,1,1,0,0,2010-06-26,Royal Bafokeng Stadium,-25.3487816,27.0950203,2010,3,-26.205,28.049722,134.9163031773806
2010,2010_199,Ghana,1,0,0,1,2010-07-02,Soccer City,-26.205,28.049722,2010,6,-25.3487816,27.0950203,134.9163031773806
2014,2014_180,Ghana,0,1,1,1,2014-06-16,Arena das Dunas,,,2014,-1,,,
2014,2014_164,Ghana,0,2,0,2,2014-06-21,Estádio Castelão,,,2014,5,,,
2014,2014_145,Ghana,0,1,0,1,2014-06-26,Estádio Nacional de Brasília,,,2014,5,,,
2022,2022_50,Ghana,0,2,0,2,2022-11-24,Stadium 974,,,2022,-1,,,
2022,2022_33,Ghana,2,1,0,2,2022-11-28,Education City Stadium,25.0819602,51.158416,2022,4,,,
2022,2022_17,Ghana,0,0,2,0,2022-12-02,Al Janoub Stadium,25.0037453,51.4103338,2022,4,25.0819602,51.158416,26.827473283833054
2010,2010_251,Greece,0,0,1,1,2010-06-12,Nelson Mandela Bay Stadium,-33.9618598,25.6186731,2010,-1,,,
2010,2010_237,Greece,1,1,1,0,2010-06-17,Toyota Stadium,,,2010,5,-33.9618598,25.6186731,
2010,2010_223,Greece,0,0,0,2,2010-06-22,Peter Mokaba Stadium,,,2010,5,,,
2014,2014_184,Greece,0,0,1,2,2014-06-14,Estádio Governador Magalhães Pinto,,,2014,-1,,,
2014,2014_171,Greece,0,0,0,0,2014-06-19,Arena das Dunas,,,2014,5,,,
2014,2014_155,Greece,1,0,0,1,2014-06-24,Estádio Castelão,,,2014,5,,,
2014,2014_141,Greece,0,1,0,1,2014-06-29,Itaipava Arena Pernambuco,,,2014,5,,,
2010,2010_239,Honduras,0,0,1,0,2010-06-16,Mbombela Stadium,-25.4729094,30.9772719,2010,-1,,,
2010,2010_226,Honduras,0,0,1,1,2010-06-21,Emirates Airline Park,,,2010,5,-25.4729094,30.9772719,
2010,2010_211,Honduras,0,0,0,0,2010-06-25,Toyota Stadium,,,2010,4,,,
2014,2014_182,Honduras,0,0,0,1,2014-06-15,Estádio José Pinheiro Borba,,,2014,-1,,,
2014,2014_168,Honduras,1,0,1,1,2014-06-20,Estádio Joaquim Américo Guimarães,,,2014,5,,,
2014,2014_150,Honduras,0,0,2,1,2014-06-25,Arena da Amazônia,,,2014,5,,,
2006,2006_313,IR Iran,1,0,1,2,2006-06-11,Max-Morlock-Stadion,,,2006,-1,,,
2006,2006_294,IR Iran,0,0,0,1,2006-06-17,Commerzbank-Arena,,,2006,6,,,
2006,2006_281,IR Iran,0,1,0,1,2006-06-21,Red Bull Arena,,,2006,4,,,
2014,2014_179,IR Iran,0,0,0,0,2014-06-16,Estádio Joaquim Américo Guimarães,,,2014,-1,,,
2014,2014_163,IR Iran,0,0,0,1,2014-06-21,Estádio Governador Magalhães Pinto,,,2014,5,,,
2014,2014_148,IR Iran,0,1,1,2,2014-06-25,Itaipava Arena Fonte Nova,,,2014,4,,,
2018,2018_125,IR Iran,0,0,0,0,2018-06-15,Gazprom Arena,,,2018,-1,,,
2018,2018_110,IR Iran,0,0,0,1,2018-06-20,Kazan Arena,55.7946485,49.1115022,2018,5,,,
2018,2018_95,IR Iran,0,0,1,0,2018-06-25,Mordovia Arena,,,2018,5,55.7946485,49.1115022,
2022,2022_60,IR Iran,0,1,3,3,2022-11-21,Khalifa International Stadium,25.3108807,51.5081812,2022,-1,,,
2022,2022_44,IR Iran,0,2,0,0,2022-11-25,Ahmed bin Ali Stadium,,,2022,4,25.3108807,51.5081812,
2022,2022_30,IR Iran,0,0,1,0,2022-11-29,Al Thumama Stadium,25.3108807,51.5081812,2022,4,,,
2018,2018_121,Iceland,1,0,1,0,2018-06-16,Otkrytie Arena,,,2018,-1,,,
2018,2018_103,Iceland,0,0,0,2,2018-06-22,Volgograd Arena,,,2018,6,,,
2018,2018_90,Iceland,0,0,0,2,2018-06-26,Rostov Arena,,,2018,4,,,
2002,2002_375,Italy,2,0,0,0,2002-06-03,Sapporo Dome,,,2002,-1,,,
2002,2002_359,Italy,0,1,0,2,2002-06-08,Kashima Soccer Stadium,,,2002,5,,,
2002,2002_342,Italy,0,1,1,0,2002-06-13,Ōita Bank Dome,,,2002,5,,,
2002,2002_329,Italy,1,0,0,2,2002-06-18,Daejeon World Cup Stadium,,,2002,5,,,
2006,2006_311,Italy,1,1,0,0,2006-06-12,HDI-Arena,,,2006,-1,,,
2006,2006_296,Italy,1,0,0,0,2006-06-17,Fritz-Walter-Stadion,,,2006,5,,,
2006,2006_277,Italy,1,1,0,0,2006-06-22,Volksparkstadion,,,2006,5,,,
2006,2006_266,Italy,0,0,0,0,2006-06-26,Fritz-Walter-Stadion,,,2006,4,,,
2006,2006_263,Italy,1,2,0,0,2006-06-30,Volksparkstadion,,,2006,4,,,
2006,2006_259,Italy,0,2,0,0,2006-07-04,Signal Iduna Park,51.5142273,7.4652789,2006,4,,,
2006,2006_256,Italy,1,0,0,0,2006-07-09,Olympiastadion Berlin,52.5173885,13.3951309,2006,5,51.5142273,7.4652789,420.7185227549209
2010,2010_247,Italy,0,1,1,0,2010-06-14,Cape Town Stadium,,,2010,-1,,,
2010,2010_228,Italy,0,0,1,0,2010-06-20,Mbombela Stadium,-25.4729094,30.9772719,2010,6,,,
2010,2010_213,Italy,0,2,1,2,2010-06-24,Emirates Airline Park,,,2010,4,-25.4729094,30.9772719,
2014,2014_186,Italy,1,1,1,0,2014-06-14,Arena da Amazônia,,,2014,-1,,,
2014,2014_166,Italy,0,0,1,0,2014-06-20,Itaipava Arena Pernambuco,,,2014,6,,,
2014,2014_153,Italy,0,0,0,1,2014-06-24,Arena das Dunas,,,2014,4,,,
2002,2002_371,Japan,0,2,0,2,2002-06-04,Saitama Stadium 2002,,,2002,-1,,,
2002,2002_357,Japan,0,1,0,0,2002-06-09,Nissan Stadium,,,2002,5,,,
2002,2002_336,Japan,0,2,0,0,2002-06-14,Yanmar Stadium Nagai,,,2002,5,,,
2002,2002_328,Japan,0,0,1,0,2002-06-18,Miyagi Stadium,,,2002,4,,,
2006,2006_309,Japan,1,0,0,3,2006-06-12,Fritz-Walter-Stadion,,,2006,-1,,,
2006,2006_291,Japan,0,0,0,0,2006-06-18,Max-Morlock-Stadion,,,2006,6,,,
2006,2006_278,Japan,1,0,1,3,2006-06-22,Signal Iduna Park,51.5142273,7.4652789,2006,4,,,
2010,2010_246,Japan,1,0,0,0,2010-06-14,Toyota Stadium,,,2010,-1,,,
2010,2010_230,Japan,0,0,0,1,2010-06-19,Moses Mabhida Stadium,-29.861825,31.009909,2010,5,,,
2010,2010_214,Japan,2,1,0,1,2010-06-24,Royal Bafokeng Stadium,-25.3487816,27.0950203,2010,5,-29.861825,31.009909,632.8419150588766
2010,2010_200,Japan,0,0,0,0,2010-06-29,Loftus Versfeld Stadium,,,2010,5,-25.3487816,27.0950203,
2014,2014_187,Japan,1,0,0,2,2014-06-14,Itaipava Arena Pernambuco,,,2014,-1,,,
2014,2014_171,Japan,0,0,0,0,2014-06-19,Arena das Dunas,,,2014,5,,,
2014,2014_154,Japan,1,0,0,3,2014-06-24,Arena Pantanal,,,2014,5,,,
2018,2018_111,Japan,0,1,1,0,2018-06-19,Mordovia Arena,,,2018,-1,,,
2018,2018_97,Japan,1,1,1,1,2018-06-24,Stadion Central'nyj,,,2018,5,,,
2018,2018_80,Japan,0,0,0,1,2018-06-28,Volgograd Arena,,,2018,4,,,
2018,2018_75,Japan,0,2,0,3,2018-07-02,Rostov Arena,,,2018,4,,,
2022,2022_53,Japan,0,2,0,0,2022-11-23,Khalifa International Stadium,25.3108807,51.5081812,2022,-1,,,
2022,2022_36,Japan,0,0,0,1,2022-11-27,Ahmed bin Ali Stadium,,,2022,4,25.3108807,51.5081812,
2022,2022_23,Japan,0,2,1,0,2022-12-01,Khalifa International Stadium,25.3108807,51.5081812,2022,4,,,
2022,2022_10,Japan,1,0,0,1,2022-12-05,Al Janoub Stadium,25.0037453,51.4103338,2022,4,25.3108807,51.5081812,35.54344686853213
2010,2010_244,Korea DPR,0,1,0,2,2010-06-15,Emirates Airline Park,,,2010,-1,,,
2010,2010_224,Korea DPR,0,0,1,6,2010-06-21,Cape Town Stadium,,,2010,6,,,
2010,2010_209,Korea DPR,0,0,2,1,2010-06-25,Mbombela Stadium,-25.4729094,30.9772719,2010,4,,,
2002,2002_372,Korea Republic,1,1,0,0,2002-06-04,Busan Sport Complex Asiad Stadium,,,2002,-1,,,
2002,2002_352,Korea Republic,0,1,1,0,2002-06-10,Daegu Main Stadium,,,2002,6,,,
2002,2002_338,Korea Republic,0,1,0,0,2002-06-14,Incheon Munhak Stadium,,,2002,4,,,
2002,2002_329,Korea Republic,0,2,1,0,2002-06-18,Daejeon World Cup Stadium,,,2002,4,,,
2002,2002_324,Korea Republic,0,0,0,0,2002-06-22,Guus Hiddink Stadium,,,2002,4,,,
2002,2002_323,Korea Republic,0,0,0,1,2002-06-25,Seoul World Cup Stadium,37.5666791,126.9782914,2002,3,,,
2002,2002_321,Korea Republic,1,1,3,0,2002-06-29,Daegu Main Stadium,,,2002,4,37.5666791,126.9782914,
2006,2006_306,Korea Republic,0,2,1,0,2006-06-13,Commerzbank-Arena,,,2006,-1,,,
2006,2006_293,Korea Republic,0,1,1,0,2006-06-18,Red Bull Arena,,,2006,5,,,
2006,2006_275,Korea Republic,0,0,1,1,2006-06-23,HDI-Arena,,,2006,5,,,
2010,2010_251,Korea Republic,1,1,0,0,2010-06-12,Nelson Mandela Bay Stadium,-33.9618598,25.6186731,2010,-1,,,
2010,2010_236,Korea Republic,1,0,1,2,2010-06-17,Soccer City,-26.205,28.049722,2010,5,-33.9618598,25.6186731,893.582323552711
2010,2010_222,Korea Republic,1,1,1,0,2010-06-22,Moses Mabhida Stadium,-29.861825,31.009909,2010,5,-26.205,28.049722,499.69571323952306
2010,2010_206,Korea Republic,0,1,1,1,2010-06-26,Nelson Mandela Bay Stadium,-33.9618598,25.6186731,2010,4,-29.861825,31.009909,683.0140719460456
2014,2014_177,Korea Republic,0,1,0,1,2014-06-17,Arena Pantanal,,,2014,-1,,,
2014,2014_161,Korea Republic,0,2,3,1,2014-06-22,Estádio José Pinheiro Borba,,,2014,5,,,
2014,2014_146,Korea Republic,0,0,0,1,2014-06-26,Arena Corinthians,-23.5506507,-46.6333824,2014,4,,,
2018,2018_114,Korea Republic,0,0,0,0,2018-06-18,Stadion Nizhny Novgorod,,,2018,-1,,,
2018,2018_100,Korea Republic,0,1,0,1,2018-06-23,Rostov Arena,,,2018,5,,,
2018,2018_84,Korea Republic,0,2,0,0,2018-06-27,Kazan Arena,55.7946485,49.1115022,2018,4,,,
2022,2022_49,Korea Republic,0,0,0,0,2022-11-24,Education City Stadium,25.0819602,51.158416,2022,-1,,,
2022,2022_33,Korea Republic,0,2,2,1,2022-11-28,Education City Stadium,25.0819602,51.158416,2022,4,25.0819602,51.158416,0.0
2022,2022_16,Korea Republic,1,1,1,0,2022-12-02,Education City Stadium,25.0819602,51.158416,2022,4,25.0819602,51.158416,0.0
2022,2022_11,Korea Republic,0,1,3,0,2022-12-05,Stadium 974,,,2022,3,25.0819602,51.158416,
2002,2002_373,Mexico,0,0,0,0,2002-06-03,Denka Big Swan Stadium,,,2002,-1,,,
2002,2002_355,Mexico,1,1,1,0,2002-06-09,Sapporo Dome,,,2002,6,,,
2002,2002_342,Mexico,1,0,0,1,2002-06-13,Ōita Bank Dome,,,2002,4,,,
2002,2002_330,Mexico,0,0,1,1,2002-06-17,Jeonju World Cup Stadium,35.8237631,127.1472805,2002,4,,,
2006,2006_313,Mexico,1,2,1,0,2006-06-11,Max-Morlock-Stadion,,,2006,-1,,,
2006,2006_299,Mexico,0,0,0,0,2006-06-16,HDI-Arena,,,2006,5,,,
2006,2006_280,Mexico,1,0,1,0,2006-06-21,Veltins-Arena,,,2006,5,,,
2006,2006_271,Mexico,1,0,1,0,2006-06-24,Red Bull Arena,,,2006,3,,,
2010,2010_254,Mexico,0,1,0,1,2010-06-11,Soccer City,-26.205,28.049722,2010,-1,,,
2010,2010_238,Mexico,0,1,0,0,2010-06-17,Peter Mokaba Stadium,,,2010,6,-26.205,28.049722,
2010,2010_220,Mexico,0,0,1,0,2010-06-22,Royal Bafokeng Stadium,-25.3487816,27.0950203,2010,5,,,
2010,2010_205,Mexico,0,1,2,1,2010-06-27,Soccer City,-26.205,28.049722,2010,5,-25.3487816,27.0950203,134.9163031773806
2014,2014_188,Mexico,0,1,0,0,2014-06-13,Arena das Dunas,,,2014,-1,,,
2014,2014_176,Mexico,0,0,0,0,2014-06-17,Estádio Castelão,,,2014,4,,,
2014,2014_158,Mexico,0,3,0,1,2014-06-23,Itaipava Arena Pernambuco,,,2014,6,,,
2014,2014_140,Mexico,0,1,0,1,2014-06-29,Estádio Castelão,,,2014,6,,,
2018,2018_118,Mexico,1,0,0,0,2018-06-17,Olimpiyskiy stadion Luzhniki,,,2018,-1,,,
2018,2018_100,Mexico,0,1,0,1,2018-06-23,Rostov Arena,,,2018,6,,,
2018,2018_85,Mexico,0,0,0,1,2018-06-27,Stadion Central'nyj,,,2018,4,,,
2018,2018_74,Mexico,0,0,0,2,2018-07-02,Cosmos Arena,,,2018,5,,,
2022,2022_58,Mexico,0,0,0,0,2022-11-22,Stadium 974,,,2022,-1,,,
2022,2022_43,Mexico,0,0,0,2,2022-11-26,Lusail Iconic Stadium,,,2022,4,,,
2022,2022_26,Mexico,0,2,0,1,2022-11-30,Lusail Iconic Stadium,,,2022,4,,,
2018,2018_125,Morocco,0,0,0,0,2018-06-15,Gazprom Arena,,,2018,-1,,,
2018,2018_108,Morocco,0,0,1,0,2018-06-20,Olimpiyskiy stadion Luzhniki,,,2018,5,,,
2018,2018_94,Morocco,1,1,1,1,2018-06-25,Kaliningrad Stadium,54.710128,20.5105838,2018,5,,,
2022,2022_52,Morocco,0,0,0,0,2022-11-23,Al Bayt Stadium,25.7567822,51.3269839,2022,-1,,,
2022,2022_37,Morocco,0,2,0,0,2022-11-27,Al Thumama Stadium,25.3108807,51.5081812,2022,4,25.7567822,51.3269839,52.809998202766636
2022,2022_20,Morocco,2,0,0,0,2022-12-01,Al Thumama Stadium,25.3108807,51.5081812,2022,4,25.3108807,51.5081812,0.0
2022,2022_8,Morocco,0,0,0,0,2022-12-06,Education City Stadium,25.0819602,51.158416,2022,5,25.3108807,51.5081812,43.43267385096884
2022,2022_4,Morocco,1,0,0,0,2022-12-10,Al Thumama Stadium,25.3108807,51.5081812,2022,4,25.0819602,51.158416,43.43267385096884
2022,2022_2,Morocco,0,0,1,1,2022-12-14,Al Bayt Stadium,25.7567822,51.3269839,2022,4,25.3108807,51.5081812,52.809998202766636
2022,2022_1,Morocco,1,0,2,0,2022-12-17,Khalifa International Stadium,25.3108807,51.5081812,2022,3,25.7567822,51.3269839,52.809998202766636
2006,2006_312,Netherlands,1,0,0,0,2006-06-11,Red Bull Arena,,,2006,-1,,,
2006,2006_298,Netherlands,2,0,1,0,2006-06-16,Mercedes-Benz Arena,,,2006,5,,,
2006,2006_283,Netherlands,0,0,0,0,2006-06-21,Commerzbank-Arena,,,2006,5,,,
2006,2006_269,Netherlands,0,0,1,0,2006-06-25,Max-Morlock-Stadion,,,2006,4,,,
2010,2010_245,Netherlands,0,1,0,0,2010-06-14,Soccer City,-26.205,28.049722,2010,-1,,,
2010,2010_230,Netherlands,0,1,0,0,2010-06-19,Moses Mabhida Stadium,-29.861825,31.009909,2010,5,-26.205,28.049722,499.69571323952306
2010,2010_215,Netherlands,1,1,0,0,2010-06-24,Cape Town Stadium,,,2010,5,-29.861825,31.009909,
2010,2010_202,Netherlands,1,1,0,0,2010-06-28,Moses Mabhida Stadium,-29.861825,31.009909,2010,4,,,
2010,2010_198,Netherlands,0,2,1,0,2010-07-02,Nelson Mandela Bay Stadium,-33.9618598,25.6186731,2010,4,-29.861825,31.009909,683.0140719460456
2010,2010_195,Netherlands,1,2,1,1,2010-07-06,Cape Town Stadium,,,2010,4,-33.9618598,25.6186731,
2010,2010_192,Netherlands,0,0,0,1,2010-07-11,Soccer City,-26.205,28.049722,2010,5,,,
2014,2014_189,Netherlands,1,4,0,0,2014-06-13,Itaipava Arena Fonte Nova,,,2014,-1,,,
2014,2014_172,Netherlands,1,2,1,0,2014-06-18,Estádio José Pinheiro Borba,,,2014,5,,,
2014,2014_157,Netherlands,0,2,0,0,2014-06-23,Arena Corinthians,-23.5506507,-46.6333824,2014,5,,,
2014,2014_140,Netherlands,0,1,0,1,2014-06-29,Estádio Castelão,,,2014,6,-23.5506507,-46.6333824,
2014,2014_133,Netherlands,0,0,0,0,2014-07-05,Itaipava Arena Fonte Nova,,,2014,6,,,
2014,2014_130,Netherlands,0,0,0,0,2014-07-09,Arena Corinthians,-23.5506507,-46.6333824,2014,4,,,
2014,2014_129,Netherlands,1,1,0,0,2014-07-12,Estádio Nacional de Brasília,,,2014,3,-23.5506507,-46.6333824,
2022,2022_61,Netherlands,0,2,0,0,2022-11-21,Al Thumama Stadium,25.3108807,51.5081812,2022,-1,,,
2022,2022_46,Netherlands,1,0,0,1,2022-11-25,Khalifa International Stadium,25.3108807,51.5081812,2022,4,25.3108807,51.5081812,0.0
2022,2022_29,Netherlands,1,1,0,0,2022-11-29,Al Bayt Stadium,25.7567822,51.3269839,2022,4,25.3108807,51.5081812,52.809998202766636
2022,2022_14,Netherlands,2,1,0,1,2022-12-03,Khalifa International Stadium,25.3108807,51.5081812,2022,4,25.7567822,51.3269839,52.809998202766636
2022,2022_7,Netherlands,0,2,1,0,2022-12-09,Lusail Iconic Stadium,,,2022,6,25.3108807,51.5081812,
2010,2010_242,New Zealand,0,1,0,1,2010-06-15,Royal Bafokeng Stadium,-25.3487816,27.0950203,2010,-1,,,
2010,2010_228,New Zealand,1,0,0,0,2010-06-20,Mbombela Stadium,-25.4729094,30.9772719,2010,5,-25.3487816,27.0950203,390.1531094025166
2010,2010_212,New Zealand,0,0,0,0,2010-06-24,Peter Mokaba Stadium,,,2010,4,-25.4729094,30.9772719,
2002,2002_376,Nigeria,0,0,0,1,2002-06-02,Kashima Soccer Stadium,,,2002,-1,,,
2002,2002_361,Nigeria,1,0,1,0,2002-06-07,NOEVIR Stadium Kobe,,,2002,5,,,
2002,2002_345,Nigeria,0,0,0,0,2002-06-12,Yanmar Stadium Nagai,,,2002,5,,,
2010,2010_252,Nigeria,0,0,1,0,2010-06-12,Emirates Airline Park,,,2010,-1,,,
2010,2010_237,Nigeria,1,0,1,1,2010-06-17,Toyota Stadium,,,2010,5,,,
2010,2010_222,Nigeria,1,0,1,1,2010-06-22,Moses Mabhida Stadium,-29.861825,31.009909,2010,5,,,
2014,2014_179,Nigeria,0,0,0,0,2014-06-16,Estádio Joaquim Américo Guimarães,,,2014,-1,,,
2014,2014_165,Nigeria,1,0,0,0,2014-06-21,Arena Pantanal,,,2014,5,,,
2014,2014_149,Nigeria,1,1,2,1,2014-06-25,Estádio José Pinheiro Borba,,,2014,4,,,
2014,2014_138,Nigeria,0,0,0,1,2014-06-30,Estádio Nacional de Brasília,,,2014,5,,,
2018,2018_123,Nigeria,0,0,0,0,2018-06-16,Kaliningrad Stadium,54.710128,20.5105838,2018,-1,,,
2018,2018_103,Nigeria,0,2,0,0,2018-06-22,Volgograd Arena,,,2018,6,54.710128,20.5105838,
2018,2018_91,Nigeria,0,0,1,1,2018-06-26,Gazprom Arena,,,2018,4,,,
2018,2018_115,Panama,0,0,0,3,2018-06-18,Olimpiyskiy Stadion Fisht,,,2018,-1,,,
2018,2018_96,Panama,0,1,3,1,2018-06-24,Stadion Nizhny Novgorod,,,2018,6,,,
2018,2018_83,Panama,0,0,0,2,2018-06-28,Mordovia Arena,,,2018,4,,,
2002,2002_377,Paraguay,1,1,0,1,2002-06-02,Busan Sport Complex Asiad Stadium,,,2002,-1,,,
2002,2002_362,Paraguay,0,0,0,2,2002-06-07,Jeonju World Cup Stadium,35.8237631,127.1472805,2002,5,,,
2002,2002_347,Paraguay,0,3,1,0,2002-06-12,Jeju World Cup Stadium,,,2002,5,35.8237631,127.1472805,
2002,2002_334,Paraguay,0,0,0,1,2002-06-15,Jeju World Cup Stadium,,,2002,3,,,
2006,2006_315,Paraguay,0,0,0,0,2006-06-10,Commerzbank-Arena,,,2006,-1,,,
2006,2006_302,Paraguay,0,0,0,1,2006-06-15,Olympiastadion Berlin,52.5173885,13.3951309,2006,5,,,
2006,2006_286,Paraguay,0,1,0,0,2006-06-20,Fritz-Walter-Stadion,,,2006,5,52.5173885,13.3951309,
2010,2010_247,Paraguay,1,0,0,1,2010-06-14,Cape Town Stadium,,,2010,-1,,,
2010,2010_227,Paraguay,1,1,0,0,2010-06-20,Toyota Stadium,,,2010,6,,,
2010,2010_212,Paraguay,0,0,0,0,2010-06-24,Peter Mokaba Stadium,,,2010,4,,,
2010,2010_200,Paraguay,0,0,0,0,2010-06-29,Loftus Versfeld Stadium,,,2010,5,,,
2010,2010_197,Paraguay,0,0,0,1,2010-07-03,Emirates Airline Park,,,2010,4,,,
2018,2018_122,Peru,0,0,0,1,2018-06-16,Mordovia Arena,,,2018,-1,,,
2018,2018_106,Peru,0,0,1,0,2018-06-21,Stadion Central'nyj,,,2018,5,,,
2018,2018_88,Peru,1,1,0,0,2018-06-26,Olimpiyskiy Stadion Fisht,,,2018,5,,,
2002,2002_372,Poland,0,0,1,1,2002-06-04,Busan Sport Complex Asiad Stadium,,,2002,-1,,,
2002,2002_354,Poland,0,0,1,3,2002-06-10,Jeonju World Cup Stadium,35.8237631,127.1472805,2002,6,,,
2002,2002_339,Poland,2,1,0,1,2002-06-14,Daejeon World Cup Stadium,,,2002,4,35.8237631,127.1472805,
2006,2006_319,Poland,0,0,1,1,2006-06-09,Veltins-Arena,,,2006,-1,,,
2006,2006_305,Poland,0,0,0,1,2006-06-14,Signal Iduna Park,51.5142273,7.4652789,2006,5,,,
2006,2006_284,Poland,1,1,1,0,2006-06-20,HDI-Arena,,,2006,6,51.5142273,7.4652789,
2018,2018_112,Poland,0,1,0,1,2018-06-19,Otkrytie Arena,,,2018,-1,,,
2018,2018_98,Poland,0,0,1,2,2018-06-24,Kazan Arena,55.7946485,49.1115022,2018,5,,,
2018,2018_80,Poland,0,1,0,0,2018-06-28,Volgograd Arena,,,2018,4,55.7946485,49.1115022,
2022,2022_58,Poland,0,0,0,0,2022-11-22,Stadium 974,,,2022,-1,,,
2022,2022_41,Poland,1,1,0,0,2022-11-26,Education City Stadium,25.0819602,51.158416,2022,4,,,
2022,2022_27,Poland,0,0,0,2,2022-11-30,Stadium 974,,,2022,4,25.0819602,51.158416,
2022,2022_12,Poland,0,0,1,2,2022-12-04,Al Thumama Stadium,25.3108807,51.5081812,2022,4,,,
2002,2002_368,Portugal,1,0,2,0,2002-06-05,Suwon World Cup Stadium,37.2633325,127.0287472,2002,-1,,,
2002,2002_354,Portugal,1,3,0,0,2002-06-10,Jeonju World Cup Stadium,35.8237631,127.1472805,2002,5,37.2633325,127.0287472,160.42262755200363
2002,2002_338,Portugal,0,0,0,1,2002-06-14,Incheon Munhak Stadium,,,2002,4,35.8237631,127.1472805,
2006,2006_314,Portugal,1,0,0,0,2006-06-11,RheinEnergieSTADION,,,2006,-1,,,
2006,2006_294,Portugal,0,1,0,0,2006-06-17,Commerzbank-Arena,,,2006,6,,,
2006,2006_280,Portugal,1,0,1,0,2006-06-21,Veltins-Arena,,,2006,4,,,
2006,2006_269,Portugal,1,0,0,0,2006-06-25,Max-Morlock-Stadion,,,2006,4,,,
2006,2006_260,Portugal,0,0,0,0,2006-07-01,Veltins-Arena,,,2006,6,,,
2006,2006_258,Portugal,0,0,0,0,2006-07-05,Allianz Arena,48.1371079,11.5753822,2006,4,,,
2006,2006_257,Portugal,0,1,0,2,2006-07-08,Mercedes-Benz Arena,,,2006,3,48.1371079,11.5753822,
2010,2010_243,Portugal,0,0,0,0,2010-06-15,Nelson Mandela Bay Stadium,-33.9618598,25.6186731,2010,-1,,,
2010,2010_224,Portugal,1,6,0,0,2010-06-21,Cape Town Stadium,,,2010,6,-33.9618598,25.6186731,
2010,2010_208,Portugal,0,0,0,0,2010-06-25,Moses Mabhida Stadium,-29.861825,31.009909,2010,4,,,
2010,2010_201,Portugal,0,0,0,1,2010-06-29,Cape Town Stadium,,,2010,4,-29.861825,31.009909,
2014,2014_178,Portugal,0,0,2,1,2014-06-16,Itaipava Arena Fonte Nova,,,2014,-1,,,
2014,2014_162,Portugal,1,1,0,2,2014-06-22,Arena da Amazônia,,,2014,6,,,
2014,2014_145,Portugal,0,1,0,1,2014-06-26,Estádio Nacional de Brasília,,,2014,4,,,
2018,2018_126,Portugal,1,1,1,2,2018-06-15,Olimpiyskiy Stadion Fisht,,,2018,-1,,,
2018,2018_108,Portugal,1,0,0,0,2018-06-20,Olimpiyskiy stadion Luzhniki,,,2018,5,,,
2018,2018_95,Portugal,1,0,0,0,2018-06-25,Mordovia Arena,,,2018,5,,,
2018,2018_79,Portugal,0,1,1,1,2018-06-30,Olimpiyskiy Stadion Fisht,,,2018,5,,,
2022,2022_50,Portugal,0,2,0,2,2022-11-24,Stadium 974,,,2022,-1,,,
2022,2022_35,Portugal,0,1,0,0,2022-11-28,Lusail Iconic Stadium,,,2022,4,,,
2022,2022_16,Portugal,1,0,1,1,2022-12-02,Education City Stadium,25.0819602,51.158416,2022,4,,,
2022,2022_9,Portugal,2,4,0,1,2022-12-06,Lusail Iconic Stadium,,,2022,4,25.0819602,51.158416,
2022,2022_4,Portugal,0,0,1,0,2022-12-10,Al Thumama Stadium,25.3108807,51.5081812,2022,4,,,
2022,2022_63,Qatar,0,0,1,0,2022-11-20,Al Bayt Stadium,25.7567822,51.3269839,2022,-1,,,
2022,2022_45,Qatar,0,1,1,2,2022-11-25,Al Thumama Stadium,25.3108807,51.5081812,2022,5,25.7567822,51.3269839,52.809998202766636
2022,2022_29,Qatar,0,0,1,1,2022-11-29,Al Bayt Stadium,25.7567822,51.3269839,2022,4,25.3108807,51.5081812,52.809998202766636
2002,2002_380,Republic of Ireland,0,1,1,0,2002-06-01,Denka Big Swan Stadium,,,2002,-1,,,
2002,2002_369,Republic of Ireland,0,1,1,0,2002-06-05,Kashima Soccer Stadium,,,2002,4,,,
2002,2002_350,Republic of Ireland,1,2,0,0,2002-06-11,Nissan Stadium,,,2002,6,,,
2002,2002_333,Republic of Ireland,0,0,1,0,2002-06-16,Suwon World Cup Stadium,37.2633325,127.0287472,2002,5,,,
2002,2002_367,Russia,0,1,0,0,2002-06-05,NOEVIR Stadium Kobe,,,2002,-1,,,
2002,2002_357,Russia,0,0,0,1,2002-06-09,Nissan Stadium,,,2002,4,,,
2002,2002_337,Russia,0,2,1,2,2002-06-14,Shizuoka Stadium Ecopa,,,2002,5,,,
2014,2014_177,Russia,0,1,0,1,2014-06-17,Arena Pantanal,,,2014,-1,,,
2014,2014_160,Russia,0,0,0,1,2014-06-22,Estadio Jornalista Mário Filho,,,2014,5,,,
2014,2014_147,Russia,1,0,0,1,2014-06-26,Estádio Joaquim Américo Guimarães,,,2014,4,,,
2018,2018_127,Russia,2,3,0,0,2018-06-14,Olimpiyskiy stadion Luzhniki,,,2018,-1,,,
2018,2018_113,Russia,0,2,0,0,2018-06-19,Gazprom Arena,,,2018,5,,,
2018,2018_93,Russia,0,0,1,1,2018-06-25,Cosmos Arena,,,2018,6,,,
2018,2018_76,Russia,0,0,0,0,2018-07-01,Olimpiyskiy stadion Luzhniki,,,2018,6,,,
2018,2018_69,Russia,1,1,1,1,2018-07-07,Olimpiyskiy Stadion Fisht,,,2018,6,,,
2002,2002_382,Saudi Arabia,0,0,4,4,2002-06-01,Sapporo Dome,,,2002,-1,,,
2002,2002_365,Saudi Arabia,0,0,0,1,2002-06-06,Saitama Stadium 2002,,,2002,5,,,
2002,2002_350,Saudi Arabia,0,0,1,2,2002-06-11,Nissan Stadium,,,2002,5,,,
2006,2006_304,Saudi Arabia,0,2,1,1,2006-06-14,Allianz Arena,48.1371079,11.5753822,2006,-1,,,
2006,2006_289,Saudi Arabia,0,0,2,2,2006-06-19,Volksparkstadion,,,2006,5,48.1371079,11.5753822,
2006,2006_272,Saudi Arabia,0,0,1,0,2006-06-23,Fritz-Walter-Stadion,,,2006,4,,,
2018,2018_127,Saudi Arabia,0,0,2,3,2018-06-14,Olimpiyskiy stadion Luzhniki,,,2018,-1,,,
2018,2018_109,Saudi Arabia,0,0,1,0,2018-06-20,Rostov Arena,,,2018,6,,,
2018,2018_92,Saudi Arabia,0,1,1,0,2018-06-25,Volgograd Arena,,,2018,5,,,
2022,2022_56,Saudi Arabia,0,2,0,0,2022-11-22,Lusail Iconic Stadium,,,2022,-1,,,
2022,2022_41,Saudi Arabia,0,0,1,1,2022-11-26,Education City Stadium,25.0819602,51.158416,2022,4,,,
2022,2022_26,Saudi Arabia,0,1,0,2,2022-11-30,Lusail Iconic Stadium,,,2022,4,25.0819602,51.158416,
2002,2002_383,Senegal,1,0,0,0,2002-05-31,Seoul World Cup Stadium,37.5666791,126.9782914,2002,-1,,,
2002,2002_364,Senegal,0,1,0,0,2002-06-06,Daegu Main Stadium,,,2002,6,37.5666791,126.9782914,
2002,2002_349,Senegal,3,0,0,2,2002-06-11,Suwon World Cup Stadium,37.2633325,127.0287472,2002,5,,,
2002,2002_332,Senegal,1,1,1,0,2002-06-16,Ōita Bank Dome,,,2002,5,37.2633325,127.0287472,
2002,2002_325,Senegal,0,0,0,1,2002-06-22,Yanmar Stadium Nagai,,,2002,6,,,
2018,2018_112,Senegal,0,1,0,1,2018-06-19,Otkrytie Arena,,,2018,-1,,,
2018,2018_97,Senegal,1,1,1,1,2018-06-24,Stadion Central'nyj,,,2018,5,,,
2018,2018_81,Senegal,0,0,0,1,2018-06-28,Cosmos Arena,,,2018,4,,,
2022,2022_61,Senegal,0,0,0,2,2022-11-21,Al Thumama Stadium,25.3108807,51.5081812,2022,-1,,,
2022,2022_45,Senegal,1,2,0,1,2022-11-25,Al Thumama Stadium,25.3108807,51.5081812,2022,4,25.3108807,51.5081812,0.0
2022,2022_28,Senegal,0,1,0,1,2022-11-29,Khalifa International Stadium,25.3108807,51.5081812,2022,4,25.3108807,51.5081812,0.0
2022,2022_13,Senegal,0,0,2,1,2022-12-04,Al Bayt Stadium,25.7567822,51.3269839,2022,5,25.3108807,51.5081812,52.809998202766636
2010,2010_249,Serbia,0,0,0,0,2010-06-13,Loftus Versfeld Stadium,,,2010,-1,,,
2010,2010_233,Serbia,1,0,0,0,2010-06-18,Nelson Mandela Bay Stadium,-33.9618598,25.6186731,2010,5,,,
2010,2010_219,Serbia,0,1,0,2,2010-06-23,Mbombela Stadium,-25.4729094,30.9772719,2010,5,-33.9618598,25.6186731,1075.9981043316666
2018,2018_117,Serbia,0,1,0,0,2018-06-17,Cosmos Arena,,,2018,-1,,,
2018,2018_104,Serbia,1,0,0,2,2018-06-22,Kaliningrad Stadium,54.710128,20.5105838,2018,5,,,
2018,2018_87,Serbia,0,0,1,1,2018-06-27,Otkrytie Arena,,,2018,5,54.710128,20.5105838,
2022,2022_51,Serbia,0,0,0,2,2022-11-24,Lusail Iconic Stadium,,,2022,-1,,,
2022,2022_32,Serbia,2,1,1,2,2022-11-28,Al Janoub Stadium,25.0037453,51.4103338,2022,4,,,
2022,2022_19,Serbia,2,0,2,1,2022-12-02,Stadium 974,,,2022,4,25.0037453,51.4103338,
2006,2006_312,Serbia and Montenegro,0,0,1,0,2006-06-11,Red Bull Arena,,,2006,-1,,,
2006,2006_297,Serbia and Montenegro,0,0,3,3,2006-06-16,Veltins-Arena,,,2006,5,,,
2006,2006_282,Serbia and Montenegro,3,0,0,1,2006-06-21,Allianz Arena,48.1371079,11.5753822,2006,5,,,
2010,2010_242,Slovakia,0,1,0,1,2010-06-15,Royal Bafokeng Stadium,-25.3487816,27.0950203,2010,-1,,,
2010,2010_227,Slovakia,0,0,1,1,2010-06-20,Toyota Stadium,,,2010,5,-25.3487816,27.0950203,
2010,2010_213,Slovakia,1,2,0,2,2010-06-24,Emirates Airline Park,,,2010,4,,,
2010,2010_202,Slovakia,0,0,1,1,2010-06-28,Moses Mabhida Stadium,-29.861825,31.009909,2010,4,,,
2002,2002_379,Slovenia,0,1,1,1,2002-06-02,Guus Hiddink Stadium,,,2002,-1,,,
2002,2002_358,Slovenia,0,0,1,0,2002-06-08,Daegu Main Stadium,,,2002,6,,,
2002,2002_347,Slovenia,1,0,0,3,2002-06-12,Jeju World Cup Stadium,,,2002,4,,,
2010,2010_248,Slovenia,0,1,0,0,2010-06-13,Peter Mokaba Stadium,,,2010,-1,,,
2010,2010_234,Slovenia,2,0,0,2,2010-06-18,Emirates Airline Park,,,2010,5,,,
2010,2010_216,Slovenia,0,0,1,0,2010-06-23,Nelson Mandela Bay Stadium,-33.9618598,25.6186731,2010,5,,,
2002,2002_377,South Africa,0,1,1,1,2002-06-02,Busan Sport Complex Asiad Stadium,,,2002,-1,,,
2002,2002_358,South Africa,1,0,0,0,2002-06-08,Daegu Main Stadium,,,2002,6,,,
2002,2002_346,South Africa,1,1,2,1,2002-06-12,Daejeon World Cup Stadium,,,2002,4,,,
2010,2010_254,South Africa,0,1,0,1,2010-06-11,Soccer City,-26.205,28.049722,2010,-1,,,
2010,2010_241,South Africa,0,0,1,1,2010-06-16,Loftus Versfeld Stadium,,,2010,5,-26.205,28.049722,
2010,2010_221,South Africa,2,0,0,1,2010-06-22,Toyota Stadium,,,2010,6,,,
2002,2002_379,Spain,1,1,0,1,2002-06-02,Guus Hiddink Stadium,,,2002,-1,,,
2002,2002_362,Spain,0,2,0,0,2002-06-07,Jeonju World Cup Stadium,35.8237631,127.1472805,2002,5,,,
2002,2002_346,Spain,2,1,1,1,2002-06-12,Daejeon World Cup Stadium,,,2002,5,35.8237631,127.1472805,
2002,2002_333,Spain,1,0,0,0,2002-06-16,Suwon World Cup Stadium,37.2633325,127.0287472,2002,4,,,
2002,2002_324,Spain,0,0,0,0,2002-06-22,Guus Hiddink Stadium,,,2002,6,37.2633325,127.0287472,
2006,2006_303,Spain,2,1,0,0,2006-06-14,Red Bull Arena,,,2006,-1,,,
2006,2006_290,Spain,0,2,1,0,2006-06-19,Mercedes-Benz Arena,,,2006,5,,,
2006,2006_272,Spain,1,0,0,0,2006-06-23,Fritz-Walter-Stadion,,,2006,4,,,
2006,2006_265,Spain,0,0,1,2,2006-06-27,HDI-Arena,,,2006,4,,,
2010,2010_240,Spain,0,0,0,1,2010-06-16,Moses Mabhida Stadium,-29.861825,31.009909,2010,-1,,,
2010,2010_226,Spain,1,1,0,0,2010-06-21,Emirates Airline Park,,,2010,5,-29.861825,31.009909,
2010,2010_210,Spain,2,0,0,1,2010-06-25,Loftus Versfeld Stadium,,,2010,4,,,
2010,2010_201,Spain,0,1,0,0,2010-06-29,Cape Town Stadium,,,2010,4,,,
2010,2010_197,Spain,0,1,0,0,2010-07-03,Emirates Airline Park,,,2010,4,,,
2010,2010_194,Spain,0,1,0,0,2010-07-07,Moses Mabhida Stadium,-29.861825,31.009909,2010,4,,,
2010,2010_192,Spain,0,1,0,0,2010-07-11,Soccer City,-26.205,28.049722,2010,4,-29.861825,31.009909,499.69571323952306
2014,2014_189,Spain,0,0,1,4,2014-06-13,Itaipava Arena Fonte Nova,,,2014,-1,,,
2014,2014_173,Spain,0,0,2,0,2014-06-18,Estadio Jornalista Mário Filho,,,2014,5,,,
2014,2014_156,Spain,1,2,0,0,2014-06-23,Estádio Joaquim Américo Guimarães,,,2014,5,,,
2018,2018_126,Spain,1,2,1,1,2018-06-15,Olimpiyskiy Stadion Fisht,,,2018,-1,,,
2018,2018_110,Spain,0,1,0,0,2018-06-20,Kazan Arena,55.7946485,49.1115022,2018,5,,,
2018,2018_94,Spain,1,1,1,1,2018-06-25,Kaliningrad Stadium,54.710128,20.5105838,2018,5,55.7946485,49.1115022,1803.697092066477
2018,2018_76,Spain,0,0,0,0,2018-07-01,Olimpiyskiy stadion Luzhniki,,,2018,6,54.710128,20.5105838,
2022,2022_54,Spain,2,4,0,0,2022-11-23,Al Thumama Stadium,25.3108807,51.5081812,2022,-1,,,
2022,2022_39,Spain,0,1,0,1,2022-11-27,Al Bayt Stadium,25.7567822,51.3269839,2022,4,25.3108807,51.5081812,52.809998202766636
2022,2022_23,Spain,1,0,0,2,2022-12-01,Khalifa International Stadium,25.3108807,51.5081812,2022,4,25.7567822,51.3269839,52.809998202766636
2022,2022_8,Spain,0,0,0,0,2022-12-06,Education City Stadium,25.0819602,51.158416,2022,5,25.3108807,51.5081812,43.43267385096884
2002,2002_378,Sweden,0,1,1,0,2002-06-02,Saitama Stadium 2002,,,2002,-1,,,
2002,2002_361,Sweden,1,0,1,0,2002-06-07,NOEVIR Stadium Kobe,,,2002,5,,,
2002,2002_344,Sweden,0,1,0,1,2002-06-12,Miyagi Stadium,,,2002,5,,,
2002,2002_332,Sweden,1,0,1,1,2002-06-16,Ōita Bank Dome,,,2002,4,,,
2006,2006_316,Sweden,0,0,0,0,2006-06-10,Signal Iduna Park,51.5142273,7.4652789,2006,-1,,,
2006,2006_302,Sweden,0,1,0,0,2006-06-15,Olympiastadion Berlin,52.5173885,13.3951309,2006,5,51.5142273,7.4652789,420.7185227549209
2006,2006_287,Sweden,0,2,1,1,2006-06-20,RheinEnergieSTADION,,,2006,5,52.5173885,13.3951309,
2006,2006_270,Sweden,0,0,2,0,2006-06-24,Allianz Arena,48.1371079,11.5753822,2006,4,,,
2018,2018_114,Sweden,0,0,0,0,2018-06-18,Stadion Nizhny Novgorod,,,2018,-1,,,
2018,2018_101,Sweden,1,0,0,2,2018-06-23,Olimpiyskiy Stadion Fisht,,,2018,5,,,
2018,2018_85,Sweden,0,1,0,0,2018-06-27,Stadion Central'nyj,,,2018,4,,,
2018,2018_72,Sweden,0,1,0,0,2018-07-03,Gazprom Arena,,,2018,6,,,
2018,2018_68,Sweden,0,0,1,1,2018-07-07,Cosmos Arena,,,2018,4,,,
2006,2006_307,Switzerland,0,0,0,0,2006-06-13,Mercedes-Benz Arena,,,2006,-1,,,
2006,2006_288,Switzerland,1,1,0,0,2006-06-19,Signal Iduna Park,51.5142273,7.4652789,2006,6,,,
2006,2006_275,Switzerland,1,1,0,0,2006-06-23,HDI-Arena,,,2006,4,51.5142273,7.4652789,
2006,2006_267,Switzerland,0,0,0,0,2006-06-26,RheinEnergieSTADION,,,2006,3,,,
2010,2010_240,Switzerland,0,1,0,0,2010-06-16,Moses Mabhida Stadium,-29.861825,31.009909,2010,-1,,,
2010,2010_225,Switzerland,0,0,0,1,2010-06-21,Nelson Mandela Bay Stadium,-33.9618598,25.6186731,2010,5,-29.861825,31.009909,683.0140719460456
2010,2010_211,Switzerland,0,0,0,0,2010-06-25,Toyota Stadium,,,2010,4,-33.9618598,25.6186731,
2014,2014_181,Switzerland,0,2,1,0,2014-06-15,Estádio Nacional de Brasília,,,2014,-1,,,
2014,2014_167,Switzerland,0,2,3,2,2014-06-20,Itaipava Arena Fonte Nova,,,2014,5,,,
2014,2014_150,Switzerland,2,1,0,0,2014-06-25,Arena da Amazônia,,,2014,5,,,
2014,2014_136,Switzerland,0,0,0,1,2014-07-01,Arena Corinthians,-23.5506507,-46.6333824,2014,6,,,
2018,2018_119,Switzerland,0,1,1,0,2018-06-17,Rostov Arena,,,2018,-1,,,
2018,2018_104,Switzerland,0,2,1,0,2018-06-22,Kaliningrad Stadium,54.710128,20.5105838,2018,5,,,
2018,2018_86,Switzerland,1,1,0,1,2018-06-27,Stadion Nizhny Novgorod,,,2018,5,54.710128,20.5105838,
2018,2018_72,Switzerland,0,0,0,1,2018-07-03,Gazprom Arena,,,2018,6,,,
2022,2022_48,Switzerland,0,1,0,0,2022-11-24,Al Janoub Stadium,25.0037453,51.4103338,2022,-1,,,
2022,2022_34,Switzerland,0,0,0,1,2022-11-28,Stadium 974,,,2022,4,25.0037453,51.4103338,
2022,2022_19,Switzerland,2,1,2,0,2022-12-02,Stadium 974,,,2022,4,,,
2022,2022_9,Switzerland,0,1,2,4,2022-12-06,Lusail Iconic Stadium,,,2022,4,,,
2006,2006_306,Togo,1,0,0,2,2006-06-13,Commerzbank-Arena,,,2006,-1,,,
2006,2006_288,Togo,0,0,1,1,2006-06-19,Signal Iduna Park,51.5142273,7.4652789,2006,6,,,
2006,2006_274,Togo,0,0,0,2,2006-06-23,RheinEnergieSTADION,,,2006,4,51.5142273,7.4652789,
2006,2006_316,Trinidad and Tobago,0,0,0,0,2006-06-10,Signal Iduna Park,51.5142273,7.4652789,2006,-1,,,
2006,2006_301,Trinidad and Tobago,0,0,0,2,2006-06-15,Max-Morlock-Stadion,,,2006,5,51.5142273,7.4652789,
2006,2006_286,Trinidad and Tobago,0,0,0,1,2006-06-20,Fritz-Walter-Stadion,,,2006,5,,,
2002,2002_367,Tunisia,0,0,0,1,2002-06-05,NOEVIR Stadium Kobe,,,2002,-1,,,
2002,2002_353,Tunisia,1,0,1,0,2002-06-10,Ōita Bank Dome,,,2002,5,,,
2002,2002_336,Tunisia,0,0,0,2,2002-06-14,Yanmar Stadium Nagai,,,2002,4,,,
2006,2006_304,Tunisia,1,1,0,2,2006-06-14,Allianz Arena,48.1371079,11.5753822,2006,-1,,,
2006,2006_290,Tunisia,1,0,0,2,2006-06-19,Mercedes-Benz Arena,,,2006,5,48.1371079,11.5753822,
2006,2006_273,Tunisia,0,0,0,0,2006-06-23,Olympiastadion Berlin,52.5173885,13.3951309,2006,4,,,
2018,2018_116,Tunisia,0,0,1,1,2018-06-18,Volgograd Arena,,,2018,-1,,,
2018,2018_99,Tunisia,1,1,2,2,2018-06-23,Otkrytie Arena,,,2018,5,,,
2018,2018_83,Tunisia,0,2,0,0,2018-06-28,Mordovia Arena,,,2018,5,,,
2022,2022_57,Tunisia,0,0,0,0,2022-11-22,Education City Stadium,25.0819602,51.158416,2022,-1,,,
2022,2022_40,Tunisia,0,0,1,0,2022-11-26,Al Janoub Stadium,25.0037453,51.4103338,2022,4,25.0819602,51.158416,26.827473283833054
2022,2022_25,Tunisia,0,1,0,0,2022-11-30,Education City Stadium,25.0819602,51.158416,2022,4,25.0037453,51.4103338,26.827473283833054
2002,2002_374,Türkiye,1,0,0,1,2002-06-03,Munsu Cup Stadium,,,2002,-1,,,
2002,2002_356,Türkiye,0,1,0,1,2002-06-09,Incheon Munhak Stadium,,,2002,6,,,
2002,2002_341,Türkiye,2,1,0,0,2002-06-13,Seoul World Cup Stadium,37.5666791,126.9782914,2002,4,,,
2002,2002_328,Türkiye,1,0,0,0,2002-06-18,Miyagi Stadium,,,2002,5,37.5666791,126.9782914,
2002,2002_325,Türkiye,0,1,0,0,2002-06-22,Yanmar Stadium Nagai,,,2002,4,,,
2002,2002_322,Türkiye,0,0,0,1,2002-06-26,Saitama Stadium 2002,,,2002,4,,,
2002,2002_321,Türkiye,3,0,1,1,2002-06-29,Daegu Main Stadium,,,2002,3,,,
2006,2006_303,Ukraine,0,0,2,1,2006-06-14,Red Bull Arena,,,2006,-1,,,
2006,2006_289,Ukraine,2,2,0,0,2006-06-19,Volksparkstadion,,,2006,5,,,
2006,2006_273,Ukraine,0,0,0,0,2006-06-23,Olympiastadion Berlin,52.5173885,13.3951309,2006,4,,,
2006,2006_267,Ukraine,0,0,0,0,2006-06-26,RheinEnergieSTADION,,,2006,3,52.5173885,13.3951309,
2006,2006_263,Ukraine,0,0,1,2,2006-06-30,Volksparkstadion,,,2006,4,,,
2002,2002_368,United States,2,0,1,0,2002-06-05,Suwon World Cup Stadium,37.2633325,127.0287472,2002,-1,,,
2002,2002_352,United States,1,0,0,1,2002-06-10,Daegu Main Stadium,,,2002,5,37.2633325,127.0287472,
2002,2002_339,United States,0,1,2,1,2002-06-14,Daejeon World Cup Stadium,,,2002,4,,,
2002,2002_330,United States,1,1,0,0,2002-06-17,Jeonju World Cup Stadium,35.8237631,127.1472805,2002,3,,,
2002,2002_327,United States,0,0,1,0,2002-06-21,Munsu Cup Stadium,,,2002,4,35.8237631,127.1472805,
2006,2006_310,United States,0,0,2,1,2006-06-12,Veltins-Arena,,,2006,-1,,,
2006,2006_296,United States,0,0,1,0,2006-06-17,Fritz-Walter-Stadion,,,2006,5,,,
2006,2006_276,United States,1,0,1,0,2006-06-22,Max-Morlock-Stadion,,,2006,5,,,
2010,2010_253,United States,1,0,1,0,2010-06-12,Royal Bafokeng Stadium,-25.3487816,27.0950203,2010,-1,,,
2010,2010_234,United States,0,2,2,0,2010-06-18,Emirates Airline Park,,,2010,6,-25.3487816,27.0950203,
2010,2010_217,United States,0,1,0,0,2010-06-23,Loftus Versfeld Stadium,,,2010,5,,,
2010,2010_207,United States,0,0,1,1,2010-06-26,Royal Bafokeng Stadium,-25.3487816,27.0950203,2010,3,,,
2014,2014_180,United States,1,1,0,1,2014-06-16,Arena das Dunas,,,2014,-1,,,
2014,2014_162,United States,0,2,1,1,2014-06-22,Arena da Amazônia,,,2014,6,,,
2014,2014_144,United States,0,0,0,1,2014-06-26,Itaipava Arena Pernambuco,,,2014,4,,,
2014,2014_137,United States,0,1,0,2,2014-07-01,Itaipava Arena Fonte Nova,,,2014,5,,,
2022,2022_62,United States,1,0,0,0,2022-11-21,Ahmed bin Ali Stadium,,,2022,-1,,,
2022,2022_47,United States,0,0,0,0,2022-11-25,Al Bayt Stadium,25.7567822,51.3269839,2022,4,,,
2022,2022_30,United States,1,0,0,0,2022-11-29,Al Thumama Stadium,25.3108807,51.5081812,2022,4,25.7567822,51.3269839,52.809998202766636
2022,2022_14,United States,0,1,2,1,2022-12-03,Khalifa International Stadium,25.3108807,51.5081812,2022,4,25.3108807,51.5081812,0.0
2002,2002_381,Uruguay,0,1,1,1,2002-06-01,Munsu Cup Stadium,,,2002,-1,,,
2002,2002_366,Uruguay,0,0,0,0,2002-06-06,Busan Sport Complex Asiad Stadium,,,2002,5,,,
2002,2002_349,Uruguay,0,2,3,0,2002-06-11,Suwon World Cup Stadium,37.2633325,127.0287472,2002,5,,,
2010,2010_255,Uruguay,0,0,0,0,2010-06-11,Cape Town Stadium,,,2010,-1,,,
2010,2010_241,Uruguay,1,1,0,0,2010-06-16,Loftus Versfeld Stadium,,,2010,5,,,
2010,2010_220,Uruguay,1,0,0,0,2010-06-22,Royal Bafokeng Stadium,-25.3487816,27.0950203,2010,6,,,
2010,2010_206,Uruguay,1,1,0,1,2010-06-26,Nelson Mandela Bay Stadium,-33.9618598,25.6186731,2010,4,-25.3487816,27.0950203,968.258126782039
2010,2010_199,Uruguay,0,1,1,0,2010-07-02,Soccer City,-26.205,28.049722,2010,6,-33.9618598,25.6186731,893.582323552711
2010,2010_195,Uruguay,1,1,1,2,2010-07-06,Cape Town Stadium,,,2010,4,-26.205,28.049722,
2010,2010_193,Uruguay,1,1,1,2,2010-07-10,Nelson Mandela Bay Stadium,-33.9618598,25.6186731,2010,4,,,
2014,2014_185,Uruguay,0,0,0,3,2014-06-14,Estádio Castelão,,,2014,-1,,,
2014,2014_170,Uruguay,1,1,0,1,2014-06-19,Arena Corinthians,-23.5506507,-46.6333824,2014,5,,,
2014,2014_153,Uruguay,0,1,0,0,2014-06-24,Arena das Dunas,,,2014,5,-23.5506507,-46.6333824,
2014,2014_143,Uruguay,0,0,1,1,2014-06-28,Estadio Jornalista Mário Filho,,,2014,4,,,
2018,2018_124,Uruguay,0,1,0,0,2018-06-15,Stadion Central'nyj,,,2018,-1,,,
2018,2018_109,Uruguay,1,0,0,0,2018-06-20,Rostov Arena,,,2018,5,,,
2018,2018_93,Uruguay,1,1,0,0,2018-06-25,Cosmos Arena,,,2018,5,,,
2018,2018_79,Uruguay,1,1,0,1,2018-06-30,Olimpiyskiy Stadion Fisht,,,2018,5,,,
2018,2018_70,Uruguay,0,0,1,1,2018-07-06,Stadion Nizhny Novgorod,,,2018,6,,,
2022,2022_49,Uruguay,0,0,0,0,2022-11-24,Education City Stadium,25.0819602,51.158416,2022,-1,,,
2022,2022_35,Uruguay,0,0,0,1,2022-11-28,Lusail Iconic Stadium,,,2022,4,25.0819602,51.158416,
2022,2022_17,Uruguay,2,0,0,0,2022-12-02,Al Janoub Stadium,25.0037453,51.4103338,2022,4,,,
2022,2022_62,Wales,0,0,1,0,2022-11-21,Ahmed bin Ali Stadium,,,2022,-1,,,
2022,2022_44,Wales,0,0,0,2,2022-11-25,Ahmed bin Ali Stadium,,,2022,4,,,
2022,2022_31,Wales,0,0,0,3,2022-11-29,Ahmed bin Ali Stadium,,,2022,4,,,
